[
    {
        "Date": "Feb-12-2023",
        "Name": "ua-hosting.company",
        "Industries": [
            "Аппаратное обеспечение",
            "Связь и телекоммуникации",
            "Домены и хостинг"
        ],
        "Rating": "178.99",
        "Subscribers": "37K",
        "Hubs": [
            "Научно-популярное",
            "Физика",
            "Биология",
            "Химия",
            "Здоровье"
        ]
    }
]