[
    {
        "Date": "Feb-12-2023",
        "Name": "Compot 2022",
        "Industries": [
            "Реклама и маркетинг",
            "Консалтинг и поддержка"
        ],
        "Rating": "8.83",
        "Subscribers": "19",
        "Hubs": [
            "Управление сообществом",
            "Социальные сети и сообщества",
            "Децентрализованные сети"
        ]
    }
]