[
    {
        "Date": "Feb-12-2023",
        "Name": "МегаФон",
        "Industries": [
            "Электронная коммерция",
            "Связь и телекоммуникации",
            "Мобильные технологии"
        ],
        "Rating": "75.35",
        "Subscribers": "26K",
        "Hubs": [
            "Стандарты связи",
            "Сотовая связь",
            "Big Data",
            "Дизайн игр",
            "Разработка систем связи"
        ]
    }
]