[
    {
        "Date": "Feb-12-2023",
        "Name": "Innostage",
        "Industries": [
            "Программное обеспечение",
            "Консалтинг и поддержка",
            "Информационная безопасность"
        ],
        "Rating": "48.08",
        "Subscribers": "23",
        "Hubs": [
            "Информационная безопасность",
            "Машинное обучение",
            "Искусственный интеллект",
            "Расширения для браузеров"
        ]
    }
]