[
    {
        "Date": "Feb-12-2023",
        "Name": "Кошелёк",
        "Industries": [
            "Программное обеспечение",
            "Электронная коммерция",
            "Мобильные технологии"
        ],
        "Rating": "48.68",
        "Subscribers": "191",
        "Hubs": [
            "Разработка мобильных приложений",
            "Разработка под iOS",
            "Swift",
            "Управление продуктом",
            "IT-компании"
        ]
    }
]