[
    {
        "Date": "Feb-12-2023",
        "Name": "Цифра",
        "Industries": [
            "Программное обеспечение",
            "Аппаратное обеспечение",
            "Оптимизация"
        ],
        "Rating": "42.57",
        "Subscribers": "109",
        "Hubs": [
            "IT-компании",
            "Интернет вещей",
            "Управление проектами",
            "Подготовка технической документации",
            "Машинное обучение"
        ]
    }
]