[
    {
        "Date": "Feb-12-2023",
        "Name": "Издательский дом «Питер»",
        "Industries": [
            "СМИ",
            "Электронная коммерция",
            "Производство мультимедиа-контента"
        ],
        "Rating": "294.66",
        "Subscribers": "35K",
        "Hubs": [
            "Профессиональная литература",
            "Программирование",
            "Python",
            "Проектирование и рефакторинг",
            "ООП"
        ]
    },
    {
        "Date": "Feb-12-2023",
        "Name": "Издательский дом «Питер»",
        "Industries": [
            "СМИ",
            "Электронная коммерция",
            "Производство мультимедиа-контента"
        ],
        "Rating": "294.66",
        "Subscribers": "35K",
        "Hubs": [
            "Профессиональная литература",
            "Программирование",
            "Python",
            "Проектирование и рефакторинг",
            "ООП"
        ]
    }
]