[
    {
        "Date": "Feb-12-2023",
        "Name": "m2 tech",
        "Industries": [
            "Веб-разработка",
            "Мобильные технологии",
            "Веб-сервисы"
        ],
        "Rating": "20.17",
        "Subscribers": "60",
        "Hubs": [
            "DevOps",
            "Программирование",
            "Java",
            "Микросервисы",
            "Open source"
        ]
    }
]