[
    {
        "Date": "Feb-12-2023",
        "Name": "СберЗдоровье",
        "Industries": [
            "Веб-разработка",
            "Программное обеспечение",
            "Веб-сервисы"
        ],
        "Rating": "29.82",
        "Subscribers": "135",
        "Hubs": [
            "Тестирование мобильных приложений",
            "IT-компании",
            "Habr",
            "Здоровье",
            "Телемедицина"
        ]
    }
]