[
    {
        "Date": "Feb-12-2023",
        "Name": "Plesk",
        "Industries": [
            "Программное обеспечение",
            "Домены и хостинг",
            "Веб-сервисы"
        ],
        "Rating": "64.92",
        "Subscribers": "11K",
        "Hubs": [
            "Информационная безопасность",
            "IT-стандарты",
            "Управление продуктом",
            "Законодательство в IT"
        ]
    }
]