[
    {
        "Date": "Feb-12-2023",
        "Name": "GenerationS",
        "Industries": [
            "Консалтинг и поддержка"
        ],
        "Rating": "14.4",
        "Subscribers": "20",
        "Hubs": [
            "Развитие стартапа",
            "Информационная безопасность",
            "Финансы в IT",
            "Венчурные инвестиции",
            "Интервью"
        ]
    }
]