[
    {
        "Date": "Feb-12-2023",
        "Name": "InfoWatch",
        "Industries": [
            "Программное обеспечение"
        ],
        "Rating": "48.59",
        "Subscribers": "257",
        "Hubs": [
            "Информационная безопасность",
            "Анализ и проектирование систем",
            "Управление продуктом",
            "Разработка под Windows"
        ]
    }
]