[
    {
        "Date": "Feb-12-2023",
        "Name": "«Актив»",
        "Industries": [
            "Программное обеспечение",
            "Аппаратное обеспечение"
        ],
        "Rating": "69.68",
        "Subscribers": "41K",
        "Hubs": [
            "Информационная безопасность",
            "IT-инфраструктура",
            "Криптография",
            "Научная фантастика",
            "Управление персоналом"
        ]
    }
]