[
    {
        "Date": "Feb-12-2023",
        "Name": "AGIMA",
        "Industries": [
            "Веб-разработка",
            "Дизайн и юзабилити",
            "Поисковые технологии"
        ],
        "Rating": "291.6",
        "Subscribers": "493",
        "Hubs": [
            "Карьера в IT-индустрии",
            "Конференции",
            "Управление проектами",
            "Управление персоналом",
            "IT-компании"
        ]
    },
    {
        "Date": "Feb-12-2023",
        "Name": "AGIMA",
        "Industries": [
            "Веб-разработка",
            "Дизайн и юзабилити",
            "Поисковые технологии"
        ],
        "Rating": "291.6",
        "Subscribers": "493",
        "Hubs": [
            "Карьера в IT-индустрии",
            "Конференции",
            "Управление проектами",
            "Управление персоналом",
            "IT-компании"
        ]
    }
]