[
    {
        "Date": "Feb-12-2023",
        "Name": "CleverPumpkin",
        "Industries": [
            "Программное обеспечение",
            "Дизайн и юзабилити",
            "Мобильные технологии"
        ],
        "Rating": "26.4",
        "Subscribers": "183",
        "Hubs": [
            "Разработка мобильных приложений",
            "Разработка под Android",
            "Swift",
            "Тестирование IT-систем",
            "Управление разработкой"
        ]
    }
]