[
    {
        "Date": "Feb-12-2023",
        "Name": "Spectr",
        "Industries": [
            "Веб-разработка",
            "Программное обеспечение",
            "Веб-сервисы"
        ],
        "Rating": "11.65",
        "Subscribers": "11",
        "Hubs": [
            "Разработка веб-сайтов",
            "JavaScript",
            "Карьера в IT-индустрии",
            "Конференции"
        ]
    }
]