[
    {
        "Date": "Feb-12-2023",
        "Name": "Национальный расчетный депозитарий",
        "Industries": [
            "Программное обеспечение",
            "Оптимизация"
        ],
        "Rating": "39.05",
        "Subscribers": "49",
        "Hubs": [
            "Системное администрирование",
            "IT-инфраструктура",
            "Apache"
        ]
    }
]