[
    {
        "Date": "Feb-12-2023",
        "Name": "GlowByte",
        "Industries": [
            "Реклама и маркетинг",
            "Консалтинг и поддержка",
            "Оптимизация"
        ],
        "Rating": "86.33",
        "Subscribers": "282",
        "Hubs": [
            "Big Data",
            "Визуализация данных",
            "Управление проектами",
            "Бизнес-модели",
            "CRM-системы"
        ]
    }
]