[
    {
        "Date": "Feb-12-2023",
        "Name": "Циан",
        "Industries": [
            "Программное обеспечение",
            "Мобильные технологии",
            "Веб-сервисы"
        ],
        "Rating": "70.35",
        "Subscribers": "309",
        "Hubs": [
            "Разработка под Android",
            "Разработка мобильных приложений",
            "Программирование",
            "Управление продуктом",
            "Тестирование веб-сервисов"
        ]
    }
]