[
    {
        "Date": "Feb-12-2023",
        "Name": "Группа Т1",
        "Industries": [
            "Программное обеспечение",
            "Аппаратное обеспечение",
            "Связь и телекоммуникации"
        ],
        "Rating": "138.52",
        "Subscribers": "482",
        "Hubs": [
            "Управление проектами",
            "Блог компании T1 Cloud",
            "IT-инфраструктура",
            "Блог компании Т1 Консалтинг",
            "Учебный процесс в IT"
        ]
    }
]