[
    {
        "Date": "Feb-12-2023",
        "Name": "Content AI",
        "Industries": [
            "Веб-разработка",
            "Программное обеспечение",
            "Поисковые технологии"
        ],
        "Rating": "87.97",
        "Subscribers": "44K",
        "Hubs": [
            "Машинное обучение",
            "Разработка под Linux",
            "Разработка под Windows",
            "Искусственный интеллект"
        ]
    }
]