[
    {
        "Date": "Feb-12-2023",
        "Name": "Dodo Engineering",
        "Industries": [
            "Веб-разработка",
            "Программное обеспечение",
            "Мобильные технологии"
        ],
        "Rating": "408.17",
        "Subscribers": "40K",
        "Hubs": [
            "Разработка мобильных приложений",
            "Управление разработкой",
            "Программирование",
            "Разработка под iOS",
            "Управление проектами"
        ]
    },
    {
        "Date": "Feb-12-2023",
        "Name": "Dodo Engineering",
        "Industries": [
            "Веб-разработка",
            "Программное обеспечение",
            "Мобильные технологии"
        ],
        "Rating": "408.17",
        "Subscribers": "40K",
        "Hubs": [
            "Разработка мобильных приложений",
            "Управление разработкой",
            "Программирование",
            "Разработка под iOS",
            "Управление проектами"
        ]
    }
]