[
    {
        "Date": "Feb-12-2023",
        "Name": "Open Data Science",
        "Industries": [
            "Некоммерческие организации"
        ],
        "Rating": "380.52",
        "Subscribers": "9.4K",
        "Hubs": [
            "Машинное обучение",
            "Искусственный интеллект",
            "Natural Language Processing",
            "Open source",
            "Big Data"
        ]
    },
    {
        "Date": "Feb-12-2023",
        "Name": "Open Data Science",
        "Industries": [
            "Некоммерческие организации"
        ],
        "Rating": "380.52",
        "Subscribers": "9.4K",
        "Hubs": [
            "Машинное обучение",
            "Искусственный интеллект",
            "Natural Language Processing",
            "Open source",
            "Big Data"
        ]
    }
]