[
    {
        "Date": "Feb-12-2023",
        "Name": "Qrator Labs",
        "Industries": [
            "Консалтинг и поддержка",
            "Связь и телекоммуникации",
            "Информационная безопасность"
        ],
        "Rating": "94.95",
        "Subscribers": "36K",
        "Hubs": [
            "Сетевые технологии",
            "Информационная безопасность",
            "IT-инфраструктура",
            "Блог компании Конференции Олега Бунина (Онтико)",
            "Сетевое оборудование"
        ]
    }
]