[
    {
        "Date": "Feb-12-2023",
        "Name": "Sportmaster Lab",
        "Industries": [
            "Веб-разработка",
            "Электронная коммерция",
            "Веб-сервисы"
        ],
        "Rating": "104.72",
        "Subscribers": "308",
        "Hubs": [
            "Программирование",
            "Управление проектами",
            "Карьера в IT-индустрии",
            "Анализ и проектирование систем",
            "Совершенный код"
        ]
    }
]