[
    {
        "Date": "Feb-12-2023",
        "Name": "Samokat.tech",
        "Industries": [
            "Веб-разработка",
            "Электронная коммерция",
            "Мобильные технологии"
        ],
        "Rating": "93.88",
        "Subscribers": "90",
        "Hubs": [
            "Программирование",
            "TypeScript",
            "Тестирование IT-систем",
            "JavaScript",
            "Алгоритмы"
        ]
    }
]