[
    {
        "Date": "Feb-12-2023",
        "Name": "Группа компаний X-Com",
        "Industries": [
            "Программное обеспечение",
            "Аппаратное обеспечение",
            "Консалтинг и поддержка"
        ],
        "Rating": "49.02",
        "Subscribers": "116",
        "Hubs": [
            "Компьютерное железо",
            "Системное администрирование",
            "Ноутбуки",
            "Гаджеты",
            "Умный дом"
        ]
    }
]