[
    {
        "Date": "Feb-12-2023",
        "Name": "Магнит",
        "Industries": [
            "Веб-разработка",
            "Программное обеспечение",
            "Электронная коммерция"
        ],
        "Rating": "45.31",
        "Subscribers": "254",
        "Hubs": [
            "Big Data",
            "Data Engineering",
            "Визуализация данных",
            "Алгоритмы",
            "Анализ и проектирование систем"
        ]
    }
]