[
    {
        "Date": "Feb-12-2023",
        "Name": "Финолаб",
        "Industries": [
            "Программное обеспечение",
            "Аппаратное обеспечение"
        ],
        "Rating": "16.13",
        "Subscribers": "24",
        "Hubs": [
            "Data Mining",
            "Обработка изображений",
            "Бизнес-модели",
            "Искусственный интеллект"
        ]
    }
]