[
    {
        "Date": "Feb-12-2023",
        "Name": "EasyWorkStation",
        "Industries": [
            "Рекрутинг и HR",
            "Электронная коммерция",
            "Игры и развлечения"
        ],
        "Rating": "247.37",
        "Subscribers": "65",
        "Hubs": [
            "DIY или Сделай сам",
            "Лайфхаки для гиков",
            "Здоровье",
            "Удалённая работа"
        ]
    }
]