[
    {
        "Date": "Feb-12-2023",
        "Name": "HOSTKEY",
        "Industries": [
            "Связь и телекоммуникации",
            "Домены и хостинг"
        ],
        "Rating": "51.27",
        "Subscribers": "171",
        "Hubs": [
            "Хостинг",
            "Серверное администрирование",
            "Open source",
            "Компьютерное железо",
            "Видеокарты"
        ]
    }
]