[
    {
        "Date": "Feb-12-2023",
        "Name": "Group-IB",
        "Industries": [
            "Программное обеспечение",
            "Консалтинг и поддержка",
            "Информационная безопасность"
        ],
        "Rating": "75.37",
        "Subscribers": "14K",
        "Hubs": [
            "Информационная безопасность",
            "IT-компании",
            "Исследования и прогнозы в IT",
            "Реверс-инжиниринг",
            "Киберпанк"
        ]
    }
]