[
    {
        "Date": "Feb-12-2023",
        "Name": "YADRO",
        "Industries": [
            "Программное обеспечение",
            "Аппаратное обеспечение",
            "Связь и телекоммуникации"
        ],
        "Rating": "55.13",
        "Subscribers": "573",
        "Hubs": [
            "Процессоры",
            "Производство и разработка электроники",
            "Хакатоны",
            "FPGA",
            "Open source"
        ]
    }
]