[
    {
        "Date": "Feb-12-2023",
        "Name": "БАРС Груп",
        "Industries": [
            "Веб-разработка",
            "Программное обеспечение"
        ],
        "Rating": "50.02",
        "Subscribers": "251",
        "Hubs": [
            "Программирование",
            "IT-компании",
            "Управление разработкой",
            "Управление персоналом",
            "PostgreSQL"
        ]
    }
]