[
    {
        "Date": "Feb-12-2023",
        "Name": "НПП «Цифровые решения»",
        "Industries": [
            "Аппаратное обеспечение",
            "Связь и телекоммуникации",
            "Информационная безопасность"
        ],
        "Rating": "33.47",
        "Subscribers": "79",
        "Hubs": [
            "Информационная безопасность",
            "IT-инфраструктура",
            "Сетевое оборудование",
            "Сетевые технологии",
            "Хранение данных"
        ]
    }
]