[
    {
        "Date": "Feb-12-2023",
        "Name": "Лига Ставок",
        "Industries": [
            "Веб-разработка",
            "Мобильные технологии",
            "Игры и развлечения"
        ],
        "Rating": "39.72",
        "Subscribers": "82",
        "Hubs": [
            "Управление проектами",
            "Управление продуктом",
            "Управление разработкой",
            "Agile",
            "Управление сообществом"
        ]
    }
]