[
    {
        "Date": "Feb-12-2023",
        "Name": "T.Hunter",
        "Industries": [
            "Программное обеспечение",
            "Консалтинг и поддержка",
            "Информационная безопасность"
        ],
        "Rating": "158.22",
        "Subscribers": "487",
        "Hubs": [
            "Информационная безопасность",
            "Расширения для браузеров",
            "Google Chrome",
            "IT-инфраструктура"
        ]
    }
]