[
    {
        "Date": "Feb-12-2023",
        "Name": "JUG Ru Group",
        "Industries": [
            "Программное обеспечение",
            "Консалтинг и поддержка",
            "Производство мультимедиа-контента"
        ],
        "Rating": "195.43",
        "Subscribers": "38K",
        "Hubs": [
            "Конференции",
            "Java",
            "Разработка мобильных приложений",
            "Тестирование IT-систем",
            "История IT"
        ]
    }
]