[
    {
        "Date": "Feb-12-2023",
        "Name": "Recognitor",
        "Industries": [
            "Программное обеспечение",
            "Мобильные технологии",
            "Веб-сервисы"
        ],
        "Rating": "64.26",
        "Subscribers": "32K",
        "Hubs": [
            "Обработка изображений",
            "Машинное обучение",
            "Алгоритмы",
            "Искусственный интеллект",
            "Компьютерное железо"
        ]
    }
]