[
    {
        "Date": "Feb-12-2023",
        "Name": "SSP SOFT",
        "Industries": [
            "Программное обеспечение",
            "Мобильные технологии",
            "Веб-сервисы"
        ],
        "Rating": "32.12",
        "Subscribers": "21",
        "Hubs": [
            "Анализ и проектирование систем",
            "IT-стандарты",
            "Веб-аналитика",
            "Высокая производительность",
            "Java"
        ]
    }
]