[
    {
        "Date": "Feb-12-2023",
        "Name": "Криптонит",
        "Industries": [
            "Программное обеспечение",
            "Связь и телекоммуникации",
            "Информационная безопасность"
        ],
        "Rating": "81.75",
        "Subscribers": "80",
        "Hubs": [
            "Криптография",
            "Карьера в IT-индустрии",
            "Программирование",
            "Информационная безопасность",
            "Машинное обучение"
        ]
    }
]