[
    {
        "Date": "Feb-12-2023",
        "Name": "R-Vision",
        "Industries": [
            "Программное обеспечение",
            "Информационная безопасность"
        ],
        "Rating": "61.15",
        "Subscribers": "109",
        "Hubs": [
            "Информационная безопасность",
            "Сетевые технологии",
            "Реверс-инжиниринг"
        ]
    }
]