[
    {
        "Date": "Feb-12-2023",
        "Name": "Android Broadcast",
        "Industries": [
            "Мобильные технологии"
        ],
        "Rating": "31.56",
        "Subscribers": "152",
        "Hubs": [
            "Разработка под Android",
            "Разработка мобильных приложений",
            "Блог компании TINKOFF",
            "Монетизация мобильных приложений",
            "Монетизация игр"
        ]
    }
]