[
    {
        "Date": "Feb-12-2023",
        "Name": "Тензор",
        "Industries": [
            "Веб-разработка",
            "Программное обеспечение",
            "Оптимизация"
        ],
        "Rating": "123",
        "Subscribers": "12K",
        "Hubs": [
            "PostgreSQL",
            "SQL",
            "Администрирование баз данных",
            "Высокая производительность",
            "Программирование"
        ]
    }
]