[
    {
        "Date": "Feb-12-2023",
        "Name": "Auriga",
        "Industries": [
            "Программное обеспечение"
        ],
        "Rating": "76.02",
        "Subscribers": "164",
        "Hubs": [
            "Программирование",
            "Разработка под Windows",
            "Системное программирование",
            "Ненормальное программирование",
            "Оболочки"
        ]
    }
]