[
    {
        "Date": "Feb-12-2023",
        "Name": "2ГИС",
        "Industries": [
            "Программное обеспечение",
            "Реклама и маркетинг",
            "Поисковые технологии"
        ],
        "Rating": "116.03",
        "Subscribers": "92K",
        "Hubs": [
            "Геоинформационные сервисы",
            "Тестирование мобильных приложений",
            "Алгоритмы",
            "Машинное обучение",
            "C++"
        ]
    }
]