[
    {
        "Date": "Feb-12-2023",
        "Name": "Mango Office",
        "Industries": [
            "Программное обеспечение",
            "Связь и телекоммуникации"
        ],
        "Rating": "19.11",
        "Subscribers": "65",
        "Hubs": [
            "IT-инфраструктура",
            "Проектирование и рефакторинг",
            "DevOps",
            "Микросервисы",
            "Программирование"
        ]
    }
]