[
    {
        "Date": "Feb-12-2023",
        "Name": "MTS AI",
        "Industries": [
            "Программное обеспечение",
            "Связь и телекоммуникации",
            "Веб-сервисы"
        ],
        "Rating": "46.47",
        "Subscribers": "86",
        "Hubs": [
            "Машинное обучение",
            "Natural Language Processing",
            "Искусственный интеллект",
            "Карьера в IT-индустрии",
            "Читальный зал"
        ]
    }
]