[
    {
        "Date": "Feb-12-2023",
        "Name": "Прогнозирование полигонов ТКО",
        "Industries": [
            "Программное обеспечение"
        ],
        "Rating": "30.71",
        "Subscribers": "12",
        "Hubs": [
            "Беспроводные технологии",
            "Сетевое оборудование",
            "Интернет вещей",
            "IT-компании"
        ]
    }
]