[
    {
        "Date": "Feb-12-2023",
        "Name": "Флант",
        "Industries": [
            "Программное обеспечение",
            "Консалтинг и поддержка",
            "Веб-сервисы"
        ],
        "Rating": "272.94",
        "Subscribers": "38K",
        "Hubs": [
            "DevOps",
            "Kubernetes",
            "Системное администрирование",
            "Open source",
            "Администрирование баз данных"
        ]
    },
    {
        "Date": "Feb-12-2023",
        "Name": "Флант",
        "Industries": [
            "Программное обеспечение",
            "Консалтинг и поддержка",
            "Веб-сервисы"
        ],
        "Rating": "272.94",
        "Subscribers": "38K",
        "Hubs": [
            "DevOps",
            "Kubernetes",
            "Системное администрирование",
            "Open source",
            "Администрирование баз данных"
        ]
    }
]