[
    {
        "Date": "Feb-12-2023",
        "Name": "Конференции Олега Бунина (Онтико)",
        "Industries": [
            "Веб-разработка",
            "Консалтинг и поддержка",
            "Веб-сервисы"
        ],
        "Rating": "347.04",
        "Subscribers": "57K",
        "Hubs": [
            "Конференции",
            "Управление разработкой",
            "Управление проектами",
            "Управление персоналом",
            "DevOps"
        ]
    },
    {
        "Date": "Feb-12-2023",
        "Name": "Конференции Олега Бунина (Онтико)",
        "Industries": [
            "Веб-разработка",
            "Консалтинг и поддержка",
            "Веб-сервисы"
        ],
        "Rating": "347.04",
        "Subscribers": "57K",
        "Hubs": [
            "Конференции",
            "Управление разработкой",
            "Управление проектами",
            "Управление персоналом",
            "DevOps"
        ]
    }
]