[
    {
        "Date": "Feb-12-2023",
        "Name": "Газинформсервис",
        "Industries": [
            "Программное обеспечение",
            "Консалтинг и поддержка",
            "Связь и телекоммуникации"
        ],
        "Rating": "37.1",
        "Subscribers": "110",
        "Hubs": [
            "Информационная безопасность",
            "Облачные сервисы",
            "Amazon Web Services",
            "Системное администрирование",
            "Развитие стартапа"
        ]
    }
]