[
    {
        "Date": "Feb-12-2023",
        "Name": "Just AI",
        "Industries": [
            "Программное обеспечение"
        ],
        "Rating": "45.66",
        "Subscribers": "230",
        "Hubs": [
            "Голосовые интерфейсы",
            "Искусственный интеллект",
            "Natural Language Processing",
            "Машинное обучение",
            "Программирование"
        ]
    }
]