[
    {
        "Date": "Feb-12-2023",
        "Name": "ВТБ",
        "Industries": [
            "Веб-разработка",
            "Программное обеспечение",
            "Электронная коммерция"
        ],
        "Rating": "68.53",
        "Subscribers": "19K",
        "Hubs": [
            "Машинное обучение",
            "Big Data",
            "Data Engineering",
            "DevOps",
            "Финансы в IT"
        ]
    }
]