[
    {
        "Date": "Feb-12-2023",
        "Name": "Deiteriy Lab",
        "Industries": [
            "Информационная безопасность"
        ],
        "Rating": "24.91",
        "Subscribers": "81",
        "Hubs": [
            "Информационная безопасность",
            "Конференции",
            "CTF",
            "Системное администрирование",
            "IT-инфраструктура"
        ]
    }
]