[
    {
        "Date": "Feb-12-2023",
        "Name": "Smart-Soft",
        "Industries": [
            "Программное обеспечение",
            "Информационная безопасность"
        ],
        "Rating": "27.82",
        "Subscribers": "217",
        "Hubs": [
            "Информационная безопасность",
            "Сетевые технологии",
            "Системное администрирование",
            "Антивирусная защита"
        ]
    }
]