[
    {
        "Date": "Feb-12-2023",
        "Name": "Rambler&Co",
        "Industries": [
            "Веб-разработка",
            "Производство мультимедиа-контента",
            "Веб-сервисы"
        ],
        "Rating": "70.73",
        "Subscribers": "30K",
        "Hubs": [
            "Разработка мобильных приложений",
            "Тестирование мобильных приложений",
            "Аналитика мобильных приложений",
            "Тестирование IT-систем",
            "Тестирование веб-сервисов"
        ]
    }
]