[
    {
        "Date": "Feb-12-2023",
        "Name": "ЮMoney",
        "Industries": [
            "Электронная коммерция",
            "Мобильные технологии",
            "Веб-сервисы"
        ],
        "Rating": "76.92",
        "Subscribers": "36K",
        "Hubs": [
            "Карьера в IT-индустрии",
            "Тестирование IT-систем",
            "Конференции",
            "IT-компании",
            "Управление разработкой"
        ]
    }
]