[
    {
        "Date": "Feb-12-2023",
        "Name": "Smart Timetable",
        "Industries": [
            "Программное обеспечение",
            "Дизайн и юзабилити",
            "Мобильные технологии"
        ],
        "Rating": "8.5",
        "Subscribers": "17",
        "Hubs": [
            "Разработка мобильных приложений",
            "Развитие стартапа",
            "Монетизация мобильных приложений",
            "Управление продуктом",
            "Интерфейсы"
        ]
    }
]