[
    {
        "Date": "Feb-12-2023",
        "Name": "VK",
        "Industries": [
            "Мобильные технологии",
            "Веб-сервисы",
            "Игры и развлечения"
        ],
        "Rating": "780.04",
        "Subscribers": "163K",
        "Hubs": [
            "Big Data",
            "Машинное обучение",
            "DevOps",
            "Облачные сервисы",
            "Tarantool"
        ]
    },
    {
        "Date": "Feb-12-2023",
        "Name": "VK",
        "Industries": [
            "Мобильные технологии",
            "Веб-сервисы",
            "Игры и развлечения"
        ],
        "Rating": "780.04",
        "Subscribers": "163K",
        "Hubs": [
            "Big Data",
            "Машинное обучение",
            "DevOps",
            "Облачные сервисы",
            "Tarantool"
        ]
    }
]