[
    {
        "Date": "Feb-12-2023",
        "Name": "СИГМА",
        "Industries": [
            "Программное обеспечение",
            "Консалтинг и поддержка",
            "Мобильные технологии"
        ],
        "Rating": "32.14",
        "Subscribers": "72",
        "Hubs": [
            "Распределённые системы",
            "IT-компании",
            "Oracle",
            "PostgreSQL",
            "Администрирование баз данных"
        ]
    }
]