[
    {
        "Date": "Feb-12-2023",
        "Name": "HIPER",
        "Industries": [
            "Оптимизация",
            "Мобильные технологии",
            "Игры и развлечения"
        ],
        "Rating": "60.39",
        "Subscribers": "29",
        "Hubs": [
            "Умный дом",
            "DIY или Сделай сам",
            "Интернет вещей",
            "Mesh-сети",
            "Разработка для интернета вещей"
        ]
    }
]