[
    {
        "Date": "Feb-12-2023",
        "Name": "inDrive.Tech",
        "Industries": [
            "Дизайн и юзабилити",
            "Мобильные технологии"
        ],
        "Rating": "92.63",
        "Subscribers": "227",
        "Hubs": [
            "Разработка мобильных приложений",
            "Тестирование мобильных приложений",
            "Дизайн мобильных приложений",
            "Интерфейсы",
            "Usability"
        ]
    }
]