[
    {
        "Date": "Feb-12-2023",
        "Name": "СберМаркет",
        "Industries": [
            "Электронная коммерция"
        ],
        "Rating": "122.71",
        "Subscribers": "317",
        "Hubs": [
            "Управление продуктом",
            "Разработка мобильных приложений",
            "Управление e-commerce",
            "Управление проектами",
            "Разработка под iOS"
        ]
    }
]