[
    {
        "Date": "Feb-12-2023",
        "Name": "Nubes",
        "Industries": [
            "Связь и телекоммуникации",
            "Домены и хостинг",
            "Информационная безопасность"
        ],
        "Rating": "19.23",
        "Subscribers": "38",
        "Hubs": [
            "IT-инфраструктура",
            "IT-стандарты",
            "IT-компании"
        ]
    }
]