[
    {
        "Date": "Feb-12-2023",
        "Name": "SelfPrivacy.org",
        "Industries": [
            "Программное обеспечение",
            "Некоммерческие организации",
            "Информационная безопасность"
        ],
        "Rating": "18.45",
        "Subscribers": "18",
        "Hubs": [
            "Децентрализованные сети",
            "Open source",
            "I2P",
            "Социальные сети и сообщества"
        ]
    }
]