[
    {
        "Date": "Feb-12-2023",
        "Name": "Московский кредитный банк",
        "Industries": [
            "Мобильные технологии",
            "Веб-сервисы",
            "Информационная безопасность"
        ],
        "Rating": "94.33",
        "Subscribers": "178",
        "Hubs": [
            "Управление проектами",
            "Управление персоналом",
            "IT-инфраструктура",
            "Машинное обучение",
            "Развитие стартапа"
        ]
    }
]