[
    {
        "Date": "Feb-12-2023",
        "Name": "Fix Price",
        "Industries": [
            "Веб-разработка",
            "Реклама и маркетинг",
            "Рекрутинг и HR"
        ],
        "Rating": "20.94",
        "Subscribers": "64",
        "Hubs": [
            "IT-инфраструктура",
            "Управление проектами",
            "Управление продуктом",
            "Информационная безопасность",
            "Микросервисы"
        ]
    }
]