[
    {
        "Date": "Feb-12-2023",
        "Name": "Flowwow",
        "Industries": [
            "Электронная коммерция",
            "Мобильные технологии",
            "Веб-сервисы"
        ],
        "Rating": "24.97",
        "Subscribers": "73",
        "Hubs": [
            "IT-компании",
            "Математика",
            "Машинное обучение",
            "Контекстная реклама",
            "Управление продажами"
        ]
    }
]