[
    {
        "Date": "Feb-12-2023",
        "Name": "«Федя и Самат»",
        "Industries": [
            "Веб-разработка",
            "Программное обеспечение",
            "Консалтинг и поддержка"
        ],
        "Rating": "8.99",
        "Subscribers": "20",
        "Hubs": [
            "Разработка веб-сайтов",
            "Python",
            "Управление разработкой",
            "VueJS"
        ]
    }
]