[
    {
        "Date": "Feb-12-2023",
        "Name": "CUSTIS",
        "Industries": [
            "Программное обеспечение",
            "Консалтинг и поддержка"
        ],
        "Rating": "66.91",
        "Subscribers": "207",
        "Hubs": [
            "Анализ и проектирование систем",
            "Управление разработкой",
            "Конференции",
            "Управление персоналом",
            "IT-инфраструктура"
        ]
    }
]