[
    {
        "Date": "Feb-12-2023",
        "Name": "СберМегаМаркет",
        "Industries": [
            "Веб-разработка",
            "Программное обеспечение",
            "Электронная коммерция"
        ],
        "Rating": "18.03",
        "Subscribers": "103",
        "Hubs": [
            "Разработка под e-commerce",
            "Управление e-commerce",
            "DevOps",
            "IT-инфраструктура",
            "Микросервисы"
        ]
    }
]