[
    {
        "Date": "Feb-12-2023",
        "Name": "Нетология",
        "Industries": [
            "Веб-разработка",
            "Дизайн и юзабилити",
            "Реклама и маркетинг"
        ],
        "Rating": "88.95",
        "Subscribers": "58K",
        "Hubs": [
            "Карьера в IT-индустрии",
            "Управление персоналом",
            "Учебный процесс в IT",
            "Разработка веб-сайтов",
            "Веб-дизайн"
        ]
    }
]