[
    {
        "Date": "Feb-12-2023",
        "Name": "Мир Plat.Form (НСПК)",
        "Industries": [
            "Программное обеспечение",
            "Электронная коммерция",
            "Информационная безопасность"
        ],
        "Rating": "107.04",
        "Subscribers": "305",
        "Hubs": [
            "Платежные системы",
            "Финансы в IT",
            "IT-компании",
            "Карьера в IT-индустрии",
            "IT-инфраструктура"
        ]
    }
]