[
    {
        "Date": "Feb-12-2023",
        "Name": "Совкомбанк Технологии",
        "Industries": [
            "Веб-разработка",
            "Программное обеспечение",
            "Мобильные технологии"
        ],
        "Rating": "25.22",
        "Subscribers": "70",
        "Hubs": [
            "Oracle",
            "Отладка",
            "Хакатоны",
            "PHP",
            "PostgreSQL"
        ]
    }
]