[
    {
        "Date": "Feb-12-2023",
        "Name": "Neoflex",
        "Industries": [
            "Веб-разработка",
            "Программное обеспечение",
            "Консалтинг и поддержка"
        ],
        "Rating": "64.12",
        "Subscribers": "19K",
        "Hubs": [
            "Big Data",
            "Python",
            "Управление персоналом",
            "Apache",
            "Карьера в IT-индустрии"
        ]
    }
]