[
    {
        "Date": "Feb-12-2023",
        "Name": "Joom",
        "Industries": [
            "Электронная коммерция",
            "Мобильные технологии",
            "Веб-сервисы"
        ],
        "Rating": "51.55",
        "Subscribers": "180",
        "Hubs": [
            "Go",
            "Программирование",
            "Управление продуктом",
            "Python",
            "MongoDB"
        ]
    }
]