[
    {
        "Date": "Feb-12-2023",
        "Name": "АйПиМатика",
        "Industries": [
            "Аппаратное обеспечение",
            "Связь и телекоммуникации"
        ],
        "Rating": "57.79",
        "Subscribers": "11K",
        "Hubs": [
            "IT-инфраструктура",
            "Системное администрирование",
            "Видеоконференцсвязь",
            "Блог компании STSS",
            "Облачные сервисы"
        ]
    }
]