[
    {
        "Date": "Feb-12-2023",
        "Name": "Timeweb Cloud",
        "Industries": [
            "Веб-разработка",
            "Домены и хостинг",
            "Веб-сервисы"
        ],
        "Rating": "1697.23",
        "Subscribers": "1.1K",
        "Hubs": [
            "Читальный зал",
            "Научно-популярное",
            "JavaScript",
            "История IT",
            "DIY или Сделай сам"
        ]
    },
    {
        "Date": "Feb-12-2023",
        "Name": "Timeweb Cloud",
        "Industries": [
            "Веб-разработка",
            "Домены и хостинг",
            "Веб-сервисы"
        ],
        "Rating": "1697.23",
        "Subscribers": "1.1K",
        "Hubs": [
            "Читальный зал",
            "Научно-популярное",
            "JavaScript",
            "История IT",
            "DIY или Сделай сам"
        ]
    }
]