[
    {
        "Date": "Feb-12-2023",
        "Name": "Иннотех",
        "Industries": [
            "Веб-разработка",
            "Программное обеспечение",
            "Веб-сервисы"
        ],
        "Rating": "36.45",
        "Subscribers": "252",
        "Hubs": [
            "Системное администрирование",
            "IT-компании",
            "Тестирование IT-систем",
            "Серверное администрирование",
            "DevOps"
        ]
    }
]