[
    {
        "Date": "Feb-12-2023",
        "Name": "DataLine",
        "Industries": [
            "Связь и телекоммуникации",
            "Домены и хостинг",
            "Информационная безопасность"
        ],
        "Rating": "75.35",
        "Subscribers": "44K",
        "Hubs": [
            "Облачные сервисы",
            "Информационная безопасность",
            "IT-инфраструктура",
            "Хранение данных",
            "Хранилища данных"
        ]
    }
]