[
    {
        "Date": "Feb-12-2023",
        "Name": "MaximaTelecom",
        "Industries": [
            "Веб-разработка",
            "Программное обеспечение",
            "Связь и телекоммуникации"
        ],
        "Rating": "46.28",
        "Subscribers": "141",
        "Hubs": [
            "Анализ и проектирование систем",
            "UML Design",
            "Реверс-инжиниринг",
            "Микросервисы"
        ]
    }
]