[
    {
        "Date": "Feb-12-2023",
        "Name": "offlineCRM: Бесплатная CRM для самозанятых",
        "Industries": [
            "Программное обеспечение"
        ],
        "Rating": "80.19",
        "Subscribers": "26",
        "Hubs": [
            "Управление продуктом",
            "Управление продажами",
            "Контекстная реклама",
            "Управление e-commerce",
            "Управление проектами"
        ]
    }
]