[
    {
        "Date": "Feb-12-2023",
        "Name": "Third Man",
        "Industries": [
            "Программное обеспечение",
            "Аппаратное обеспечение",
            "Дизайн и юзабилити"
        ],
        "Rating": "65.12",
        "Subscribers": "30",
        "Hubs": [
            "Автомобильные гаджеты",
            "Транспорт",
            "Исследования и прогнозы в IT",
            "Интернет вещей",
            "IT-инфраструктура"
        ]
    }
]