[
    {
        "Date": "Feb-12-2023",
        "Name": "МойОфис",
        "Industries": [
            "Программное обеспечение",
            "Мобильные технологии",
            "Веб-сервисы"
        ],
        "Rating": "219.97",
        "Subscribers": "596",
        "Hubs": [
            "IT-компании",
            "Софт",
            "Управление продуктом",
            "Развитие стартапа",
            "Учебный процесс в IT"
        ]
    }
]