[
    {
        "Date": "Feb-12-2023",
        "Name": "Хабр",
        "Industries": [
            "Веб-разработка",
            "Рекрутинг и HR",
            "СМИ"
        ],
        "Rating": "774.18",
        "Subscribers": "76K",
        "Hubs": [
            "Habr",
            "Карьера в IT-индустрии",
            "Управление сообществом",
            "Контент-маркетинг",
            "Социальные сети и сообщества"
        ]
    },
    {
        "Date": "Feb-12-2023",
        "Name": "Хабр",
        "Industries": [
            "Веб-разработка",
            "Рекрутинг и HR",
            "СМИ"
        ],
        "Rating": "774.18",
        "Subscribers": "76K",
        "Hubs": [
            "Habr",
            "Карьера в IT-индустрии",
            "Управление сообществом",
            "Контент-маркетинг",
            "Социальные сети и сообщества"
        ]
    }
]