[
    {
        "Date": "Feb-12-2023",
        "Name": "red_mad_robot",
        "Industries": [
            "Программное обеспечение",
            "Дизайн и юзабилити",
            "Мобильные технологии"
        ],
        "Rating": "109.52",
        "Subscribers": "37K",
        "Hubs": [
            "Управление персоналом",
            "Карьера в IT-индустрии",
            "Управление проектами",
            "Разработка под iOS",
            "Разработка под Android"
        ]
    }
]