[
    {
        "Date": "Feb-12-2023",
        "Name": "SearchInform",
        "Industries": [
            "Программное обеспечение",
            "Информационная безопасность"
        ],
        "Rating": "135.84",
        "Subscribers": "13K",
        "Hubs": [
            "Информационная безопасность",
            "Системное администрирование",
            "Карьера в IT-индустрии",
            "IT-инфраструктура",
            "Восстановление данных"
        ]
    }
]