[
    {
        "Date": "Feb-12-2023",
        "Name": "Дата-центр «Миран»",
        "Industries": [
            "Аппаратное обеспечение",
            "Связь и телекоммуникации",
            "Домены и хостинг"
        ],
        "Rating": "86.89",
        "Subscribers": "11K",
        "Hubs": [
            "Производство и разработка электроники",
            "Процессоры",
            "Компьютерное железо",
            "Финансы в IT",
            "Серверное администрирование"
        ]
    }
]