[
    {
        "Date": "Feb-12-2023",
        "Name": "Selectel",
        "Industries": [
            "Аппаратное обеспечение",
            "Связь и телекоммуникации",
            "Домены и хостинг"
        ],
        "Rating": "1818.1",
        "Subscribers": "39K",
        "Hubs": [
            "IT-инфраструктура",
            "IT-компании",
            "Компьютерное железо",
            "Гаджеты",
            "Производство и разработка электроники"
        ]
    },
    {
        "Date": "Feb-12-2023",
        "Name": "Selectel",
        "Industries": [
            "Аппаратное обеспечение",
            "Связь и телекоммуникации",
            "Домены и хостинг"
        ],
        "Rating": "1818.1",
        "Subscribers": "39K",
        "Hubs": [
            "IT-инфраструктура",
            "IT-компании",
            "Компьютерное железо",
            "Гаджеты",
            "Производство и разработка электроники"
        ]
    }
]