[
    {
        "Date": "Feb-12-2023",
        "Name": "Цифровой СИБУР",
        "Industries": [
            "Программное обеспечение",
            "Дизайн и юзабилити",
            "Мобильные технологии"
        ],
        "Rating": "91.35",
        "Subscribers": "41K",
        "Hubs": [
            "Интерфейсы",
            "Big Data",
            "Визуализация данных",
            "Статистика в IT",
            "Конференции"
        ]
    }
]