[
    {
        "Date": "Feb-12-2023",
        "Name": "КРОК",
        "Industries": [
            "Программное обеспечение",
            "Аппаратное обеспечение"
        ],
        "Rating": "196.88",
        "Subscribers": "40K",
        "Hubs": [
            "IT-инфраструктура",
            "Сетевые технологии",
            "Облачные сервисы",
            "Сетевое оборудование",
            "IT-компании"
        ]
    }
]