[
    {
        "Date": "Feb-12-2023",
        "Name": "РЕД СОФТ",
        "Industries": [
            "Программное обеспечение"
        ],
        "Rating": "16.01",
        "Subscribers": "52",
        "Hubs": [
            "Администрирование баз данных",
            "Firebird/Interbase",
            "Интерфейсы",
            "Usability",
            "Блог компании Команда Госуслуг"
        ]
    }
]