[
    {
        "Date": "Feb-12-2023",
        "Name": "ИТМО",
        "Industries": [
            "Веб-разработка",
            "Программное обеспечение",
            "Связь и телекоммуникации"
        ],
        "Rating": "71.97",
        "Subscribers": "18K",
        "Hubs": [
            "Программирование",
            "Учебный процесс в IT",
            "Машинное обучение",
            "Биотехнологии",
            "Робототехника"
        ]
    }
]