[
    {
        "Date": "Feb-12-2023",
        "Name": "AliExpress Россия",
        "Industries": [
            "Электронная коммерция"
        ],
        "Rating": "51.31",
        "Subscribers": "357",
        "Hubs": [
            "Машинное обучение",
            "Разработка под iOS",
            ".NET",
            "Разработка мобильных приложений",
            "IT-инфраструктура"
        ]
    }
]