[
    {
        "Date": "Feb-12-2023",
        "Name": "Россельхозбанк",
        "Industries": [
            "Веб-разработка",
            "Программное обеспечение",
            "Дизайн и юзабилити"
        ],
        "Rating": "209.43",
        "Subscribers": "8.1K",
        "Hubs": [
            "Читальный зал",
            "Научно-популярное",
            "IT-компании",
            "Развитие стартапа",
            "Карьера в IT-индустрии"
        ]
    }
]