[
    {
        "Date": "Feb-12-2023",
        "Name": "FirstVDS",
        "Industries": [
            "Связь и телекоммуникации",
            "Домены и хостинг",
            "Веб-сервисы"
        ],
        "Rating": "485.44",
        "Subscribers": "24K",
        "Hubs": [
            "Научно-популярное",
            "Системное администрирование",
            "Читальный зал",
            "Информационная безопасность",
            "Серверная оптимизация"
        ]
    },
    {
        "Date": "Feb-12-2023",
        "Name": "FirstVDS",
        "Industries": [
            "Связь и телекоммуникации",
            "Домены и хостинг",
            "Веб-сервисы"
        ],
        "Rating": "485.44",
        "Subscribers": "24K",
        "Hubs": [
            "Научно-популярное",
            "Системное администрирование",
            "Читальный зал",
            "Информационная безопасность",
            "Серверная оптимизация"
        ]
    }
]