[
    {
        "Date": "Feb-12-2023",
        "Name": "Cloud4Y",
        "Industries": [
            "Связь и телекоммуникации",
            "Домены и хостинг",
            "Веб-сервисы"
        ],
        "Rating": "128.27",
        "Subscribers": "601",
        "Hubs": [
            "Информационная безопасность",
            "IT-компании",
            "Читальный зал",
            "Системное администрирование",
            "Научно-популярное"
        ]
    }
]