[
    {
        "Date": "Feb-12-2023",
        "Name": "Ростелеком",
        "Industries": [
            "Программное обеспечение",
            "Связь и телекоммуникации",
            "Веб-сервисы"
        ],
        "Rating": "129.72",
        "Subscribers": "30K",
        "Hubs": [
            "Тестирование IT-систем",
            "Тестирование веб-сервисов",
            "IT-компании",
            "Python",
            "Машинное обучение"
        ]
    }
]