[
    {
        "Date": "Feb-12-2023",
        "Name": "Monq",
        "Industries": [
            "Программное обеспечение"
        ],
        "Rating": "8.12",
        "Subscribers": "15",
        "Hubs": [
            "Системное администрирование",
            "Терминология IT",
            "Карьера в IT-индустрии",
            "IT-инфраструктура",
            "DevOps"
        ]
    }
]