[
    {
        "Date": "Feb-12-2023",
        "Name": "UNIGINE",
        "Industries": [
            "Программное обеспечение",
            "Производство мультимедиа-контента",
            "Игры и развлечения"
        ],
        "Rating": "40.7",
        "Subscribers": "509",
        "Hubs": [
            "Работа с 3D-графикой",
            "Разработка игр",
            "Программирование",
            "C++",
            "Алгоритмы"
        ]
    }
]