[
    {
        "Date": "Feb-12-2023",
        "Name": "Friflex",
        "Industries": [
            "Веб-разработка",
            "Мобильные технологии",
            "Веб-сервисы"
        ],
        "Rating": "78.67",
        "Subscribers": "47",
        "Hubs": [
            "Flutter",
            "Dart",
            "Python",
            "Машинное обучение",
            "Искусственный интеллект"
        ]
    }
]