[
    {
        "Date": "Feb-12-2023",
        "Name": "Hoff Tech",
        "Industries": [
            "Веб-разработка",
            "Программное обеспечение",
            "Мобильные технологии"
        ],
        "Rating": "87.62",
        "Subscribers": "51",
        "Hubs": [
            "Сетевые технологии",
            "Сетевое оборудование",
            "Анализ и проектирование систем",
            "Управление проектами",
            "IT-инфраструктура"
        ]
    }
]