[
    {
        "Date": "Feb-12-2023",
        "Name": "KTS",
        "Industries": [
            "Веб-разработка",
            "Программное обеспечение",
            "Веб-сервисы"
        ],
        "Rating": "187.25",
        "Subscribers": "231",
        "Hubs": [
            "Python",
            "Учебный процесс в IT",
            "Разработка мобильных приложений",
            "ReactJS",
            "Разработка под iOS"
        ]
    }
]