[
    {
        "Date": "Feb-12-2023",
        "Name": "RDP",
        "Industries": [
            "Программное обеспечение",
            "Аппаратное обеспечение",
            "Связь и телекоммуникации"
        ],
        "Rating": "14.91",
        "Subscribers": "36",
        "Hubs": [
            "IT-инфраструктура",
            "Сетевые технологии",
            "IT-компании",
            "Сетевое оборудование",
            "IT-стандарты"
        ]
    }
]