[
    {
        "Date": "Feb-12-2023",
        "Name": "Ispmanager",
        "Industries": [
            "Веб-разработка",
            "Программное обеспечение",
            "Домены и хостинг"
        ],
        "Rating": "42.09",
        "Subscribers": "48",
        "Hubs": [
            "Программирование",
            "Веб-дизайн",
            "Разработка веб-сайтов",
            "Управление проектами",
            "IT-компании"
        ]
    }
]