[
    {
        "Date": "Feb-12-2023",
        "Name": "Киберпротект",
        "Industries": [
            "Программное обеспечение",
            "Информационная безопасность"
        ],
        "Rating": "61.48",
        "Subscribers": "65",
        "Hubs": [
            "Восстановление данных",
            "Резервное копирование",
            "Хранение данных",
            "Информационная безопасность",
            "Виртуализация"
        ]
    }
]