[
    {
        "Date": "Feb-12-2023",
        "Name": "Учи.ру",
        "Industries": [
            "Веб-разработка",
            "Программное обеспечение",
            "Производство мультимедиа-контента"
        ],
        "Rating": "50.32",
        "Subscribers": "191",
        "Hubs": [
            "IT-компании",
            "Конференции",
            "IT-инфраструктура",
            "Исследования и прогнозы в IT",
            "Образование за рубежом"
        ]
    }
]