[
    {
        "Date": "Feb-12-2023",
        "Name": "SkillFactory",
        "Industries": [
            "Консалтинг и поддержка"
        ],
        "Rating": "100.48",
        "Subscribers": "33K",
        "Hubs": [
            "Программирование",
            "Python",
            "Машинное обучение",
            "Научно-популярное",
            "Искусственный интеллект"
        ]
    }
]