[
    {
        "Date": "Feb-12-2023",
        "Name": "Наносемантика",
        "Industries": [
            "Программное обеспечение"
        ],
        "Rating": "39.5",
        "Subscribers": "147",
        "Hubs": [
            "Программирование",
            "Хакатоны",
            "Искусственный интеллект",
            "Natural Language Processing",
            "Разработка игр"
        ]
    }
]