[
    {
        "Date": "Feb-12-2023",
        "Name": "Группа НЛМК",
        "Industries": [
            "Программное обеспечение"
        ],
        "Rating": "224.07",
        "Subscribers": "308",
        "Hubs": [
            "Управление проектами",
            "Инженерные системы",
            "Промышленное программирование",
            "Программирование",
            "Big Data"
        ]
    }
]