[
    {
        "Date": "Feb-12-2023",
        "Name": "SimbirSoft",
        "Industries": [
            "Веб-разработка",
            "Программное обеспечение",
            "Мобильные технологии"
        ],
        "Rating": "56.93",
        "Subscribers": "512",
        "Hubs": [
            "Программирование",
            "Управление продуктом",
            "Тестирование IT-систем",
            "Разработка веб-сайтов",
            "JavaScript"
        ]
    }
]