[
    {
        "Date": "Feb-12-2023",
        "Name": "RUVDS.com",
        "Industries": [
            "Связь и телекоммуникации",
            "Домены и хостинг",
            "Веб-сервисы"
        ],
        "Rating": "1994.63",
        "Subscribers": "69K",
        "Hubs": [
            "Читальный зал",
            "DIY или Сделай сам",
            "Научно-популярное",
            "Электроника для начинающих",
            "Системное администрирование"
        ]
    }
]