[
    {
        "Date": "Feb-12-2023",
        "Name": "Nexign",
        "Industries": [
            "Программное обеспечение",
            "Консалтинг и поддержка",
            "Связь и телекоммуникации"
        ],
        "Rating": "49.81",
        "Subscribers": "384",
        "Hubs": [
            "Тестирование IT-систем",
            "Карьера в IT-индустрии",
            "Java",
            "Apache",
            "Анализ и проектирование систем"
        ]
    }
]