[
    {
        "Date": "Feb-12-2023",
        "Name": "Digital Rights Center",
        "Industries": [
            "Консалтинг и поддержка",
            "Связь и телекоммуникации",
            "Веб-сервисы"
        ],
        "Rating": "65.34",
        "Subscribers": "329",
        "Hubs": [
            "IT-компании",
            "Криптовалюты",
            "Законодательство в IT",
            "Финансы в IT",
            "Робототехника"
        ]
    }
]