[
    {
        "Date": "Feb-12-2023",
        "Name": "Amvera",
        "Industries": [
            "Программное обеспечение",
            "Домены и хостинг",
            "Веб-сервисы"
        ],
        "Rating": "24.58",
        "Subscribers": "31",
        "Hubs": [
            "Машинное обучение",
            "Семантика",
            "Облачные сервисы",
            "Искусственный интеллект",
            "Читальный зал"
        ]
    }
]