[
    {
        "Date": "Feb-12-2023",
        "Name": "X5 Tech",
        "Industries": [
            "Программное обеспечение",
            "Аппаратное обеспечение",
            "Электронная коммерция"
        ],
        "Rating": "120.54",
        "Subscribers": "17K",
        "Hubs": [
            "Big Data",
            "IT-компании",
            "Тестирование IT-систем",
            "Управление проектами",
            "IT-инфраструктура"
        ]
    }
]