[
    {
        "Date": "Feb-12-2023",
        "Name": "Whoosh",
        "Industries": [
            "Веб-разработка",
            "Программное обеспечение"
        ],
        "Rating": "29.31",
        "Subscribers": "62",
        "Hubs": [
            "Транспорт",
            "IT-инфраструктура",
            "Развитие стартапа",
            "Производство и разработка электроники",
            "Алгоритмы"
        ]
    }
]