[
    {
        "Date": "Feb-12-2023",
        "Name": "Vivaldi Technologies AS",
        "Industries": [
            "Программное обеспечение",
            "Мобильные технологии",
            "Веб-сервисы"
        ],
        "Rating": "47.61",
        "Subscribers": "21K",
        "Hubs": [
            "Браузеры",
            "Разработка под Android",
            "Транспорт",
            "Информационная безопасность",
            "Социальные сети и сообщества"
        ]
    }
]