[
    {
        "Date": "Feb-12-2023",
        "Name": "Home Credit Bank",
        "Industries": [
            "Электронная коммерция",
            "Мобильные технологии",
            "Веб-сервисы"
        ],
        "Rating": "85.32",
        "Subscribers": "126",
        "Hubs": [
            "Управление проектами",
            "Управление разработкой",
            "Natural Language Processing",
            "Карьера в IT-индустрии",
            "Киберспорт"
        ]
    }
]