[
    {
        "Date": "Feb-12-2023",
        "Name": "УБРиР",
        "Industries": [
            "Электронная коммерция",
            "Мобильные технологии",
            "Веб-сервисы"
        ],
        "Rating": "20.05",
        "Subscribers": "50",
        "Hubs": [
            "Управление проектами",
            "Алгоритмы",
            "Развитие стартапа",
            "Service Desk",
            "PHP"
        ]
    }
]