[
    {
        "Date": "Feb-12-2023",
        "Name": "Почтатех",
        "Industries": [
            "Электронная коммерция",
            "Связь и телекоммуникации",
            "Мобильные технологии"
        ],
        "Rating": "51.74",
        "Subscribers": "308",
        "Hubs": [
            "Блог компании Конференции Олега Бунина (Онтико)",
            "Java",
            "Kotlin",
            "Анализ и проектирование систем",
            "Управление проектами"
        ]
    }
]