[
    {
        "Date": "Feb-12-2023",
        "Name": "GlobalSign",
        "Industries": [
            "Программное обеспечение",
            "Электронная коммерция",
            "Домены и хостинг"
        ],
        "Rating": "158.75",
        "Subscribers": "41K",
        "Hubs": [
            "Информационная безопасность",
            "Софт",
            "Криптография",
            "Open source",
            "Интернет вещей"
        ]
    }
]