[
    {
        "Date": "Feb-12-2023",
        "Name": "Innovative People",
        "Industries": [
            "Веб-разработка",
            "Программное обеспечение",
            "Мобильные технологии"
        ],
        "Rating": "19.73",
        "Subscribers": "29",
        "Hubs": [
            "Карьера в IT-индустрии",
            "Учебный процесс в IT",
            "Анализ и проектирование систем",
            "Терминология IT",
            "Разработка мобильных приложений"
        ]
    }
]