[
    {
        "Date": "Feb-12-2023",
        "Name": "ДОМ.РФ",
        "Industries": [
            "Программное обеспечение",
            "Мобильные технологии",
            "Информационная безопасность"
        ],
        "Rating": "42.14",
        "Subscribers": "245",
        "Hubs": [
            "IT-инфраструктура",
            "Тестирование IT-систем",
            "Управление разработкой",
            "Карьера в IT-индустрии",
            "Хранение данных"
        ]
    }
]