[
    {
        "Date": "Feb-12-2023",
        "Name": "SberDevices",
        "Industries": [
            "Программное обеспечение",
            "Аппаратное обеспечение"
        ],
        "Rating": "115.38",
        "Subscribers": "32K",
        "Hubs": [
            "Машинное обучение",
            "Искусственный интеллект",
            "Natural Language Processing",
            "Голосовые интерфейсы",
            "Умный дом"
        ]
    }
]