[
    {
        "Date": "Feb-12-2023",
        "Name": "Wrike",
        "Industries": [
            "Веб-разработка",
            "Программное обеспечение",
            "Веб-сервисы"
        ],
        "Rating": "81.17",
        "Subscribers": "27K",
        "Hubs": [
            "Программирование",
            "Java",
            "Веб-дизайн",
            "Повышение конверсии",
            "Управление продуктом"
        ]
    }
]