[
    {
        "Date": "Feb-12-2023",
        "Name": "ITGLOBAL.COM",
        "Industries": [
            "Аппаратное обеспечение",
            "Связь и телекоммуникации",
            "Информационная безопасность"
        ],
        "Rating": "54.28",
        "Subscribers": "101",
        "Hubs": [
            "IT-инфраструктура",
            "Облачные вычисления",
            "Облачные сервисы",
            "Виртуализация",
            "Управление персоналом"
        ]
    }
]