[
    {
        "Date": "Feb-12-2023",
        "Name": "ГК «Астра»",
        "Industries": [
            "Веб-разработка",
            "Программное обеспечение",
            "Аппаратное обеспечение"
        ],
        "Rating": "47.67",
        "Subscribers": "319",
        "Hubs": [
            "Информационная безопасность",
            "IT-инфраструктура",
            "Софт",
            "Разработка под Linux",
            "Виртуализация"
        ]
    }
]