[
    {
        "Date": "Feb-12-2023",
        "Name": "Smart Engines",
        "Industries": [
            "Программное обеспечение",
            "Мобильные технологии"
        ],
        "Rating": "91.75",
        "Subscribers": "294",
        "Hubs": [
            "Искусственный интеллект",
            "Машинное обучение",
            "Программирование",
            "WebAssembly",
            "Обработка изображений"
        ]
    }
]