[
    {
        "Date": "Feb-12-2023",
        "Name": "Samsung",
        "Industries": [
            "Связь и телекоммуникации",
            "Мобильные технологии"
        ],
        "Rating": "105.55",
        "Subscribers": "18K",
        "Hubs": [
            "DIY или Сделай сам",
            "Разработка под Android",
            "Искусственный интеллект",
            "Учебный процесс в IT",
            "Электроника для начинающих"
        ]
    }
]