[
    {
        "Date": "Feb-12-2023",
        "Name": "BIOCAD",
        "Industries": [
            "Программное обеспечение"
        ],
        "Rating": "40.54",
        "Subscribers": "77",
        "Hubs": [
            "Анализ и проектирование систем",
            "ECM/СЭД",
            "Управление проектами",
            "Управление персоналом",
            "Разработка систем связи"
        ]
    }
]