[
    {
        "Date": "Feb-12-2023",
        "Name": "Ozon Tech",
        "Industries": [
            "Веб-разработка",
            "Электронная коммерция",
            "Веб-сервисы"
        ],
        "Rating": "295.78",
        "Subscribers": "26K",
        "Hubs": [
            "Конференции",
            "Go",
            "Тестирование веб-сервисов",
            "Высокая производительность",
            "Программирование"
        ]
    },
    {
        "Date": "Feb-12-2023",
        "Name": "Ozon Tech",
        "Industries": [
            "Веб-разработка",
            "Электронная коммерция",
            "Веб-сервисы"
        ],
        "Rating": "295.78",
        "Subscribers": "26K",
        "Hubs": [
            "Конференции",
            "Go",
            "Тестирование веб-сервисов",
            "Высокая производительность",
            "Программирование"
        ]
    }
]