[
    {
        "Date": "Feb-12-2023",
        "Name": "Delivery Club Tech",
        "Industries": [
            "Веб-разработка",
            "Электронная коммерция",
            "Мобильные технологии"
        ],
        "Rating": "53.77",
        "Subscribers": "355",
        "Hubs": [
            "Big Data",
            "Машинное обучение",
            "Data Engineering",
            "Программирование",
            "Kotlin"
        ]
    }
]