[
    {
        "Date": "Feb-12-2023",
        "Name": "Failover Bar",
        "Industries": [
            "СМИ",
            "Производство мультимедиа-контента",
            "Игры и развлечения"
        ],
        "Rating": "27.85",
        "Subscribers": "31",
        "Hubs": [
            "Контент-маркетинг",
            "Java",
            "DevOps",
            "Конференции",
            "Habr"
        ]
    }
]