[
    {
        "Date": "Feb-12-2023",
        "Name": "Яндекс",
        "Industries": [
            "Поисковые технологии",
            "Мобильные технологии",
            "Веб-сервисы"
        ],
        "Rating": "381.07",
        "Subscribers": "160K",
        "Hubs": [
            "Машинное обучение",
            "Open source",
            "Высокая производительность",
            "Разработка мобильных приложений",
            "Интерфейсы"
        ]
    },
    {
        "Date": "Feb-12-2023",
        "Name": "Яндекс",
        "Industries": [
            "Поисковые технологии",
            "Мобильные технологии",
            "Веб-сервисы"
        ],
        "Rating": "381.07",
        "Subscribers": "160K",
        "Hubs": [
            "Машинное обучение",
            "Open source",
            "Высокая производительность",
            "Разработка мобильных приложений",
            "Интерфейсы"
        ]
    }
]