[
    {
        "Date": "Feb-12-2023",
        "Name": "MY.GAMES",
        "Industries": [
            "Производство мультимедиа-контента",
            "Мобильные технологии",
            "Игры и развлечения"
        ],
        "Rating": "50.18",
        "Subscribers": "311",
        "Hubs": [
            "Разработка игр",
            "Игры и игровые консоли",
            "Дизайн игр",
            "Карьера в IT-индустрии",
            "Графический дизайн"
        ]
    }
]