[
    {
        "Date": "Feb-12-2023",
        "Name": "Специальный Технологический Центр",
        "Industries": [
            "Программное обеспечение",
            "Связь и телекоммуникации",
            "Информационная безопасность"
        ],
        "Rating": "93.43",
        "Subscribers": "114",
        "Hubs": [
            "DIY или Сделай сам",
            "Научно-популярное",
            "Подготовка технической документации",
            "3D-принтеры",
            "Разработка систем связи"
        ]
    }
]