[
    {
        "Date": "Feb-12-2023",
        "Name": "Журнал Хакер",
        "Industries": [
            "Программное обеспечение",
            "СМИ"
        ],
        "Rating": "90.96",
        "Subscribers": "5.4K",
        "Hubs": [
            "Информационная безопасность",
            "Читальный зал",
            "Криптовалюты",
            "Интервью",
            "IT-компании"
        ]
    }
]