[
    {
        "Date": "Feb-12-2023",
        "Name": "HeadHunter",
        "Industries": [
            "Веб-разработка",
            "Дизайн и юзабилити",
            "Мобильные технологии"
        ],
        "Rating": "81.1",
        "Subscribers": "29K",
        "Hubs": [
            "Разработка мобильных приложений",
            "Разработка веб-сайтов",
            "Разработка под iOS",
            "Разработка под Android",
            "Java"
        ]
    }
]