[
    {
        "Date": "Feb-12-2023",
        "Name": "Leader-ID",
        "Industries": [
            "Веб-разработка",
            "Некоммерческие организации",
            "Веб-сервисы"
        ],
        "Rating": "115.52",
        "Subscribers": "17K",
        "Hubs": [
            "Научно-популярное",
            "Транспорт",
            "Энергия и элементы питания",
            "Экология",
            "Разработка робототехники"
        ]
    }
]