[
    {
        "Date": "Feb-12-2023",
        "Name": "АльфаСтрахование",
        "Industries": [
            "Веб-разработка",
            "Электронная коммерция",
            "Веб-сервисы"
        ],
        "Rating": "51.04",
        "Subscribers": "112",
        "Hubs": [
            "Java",
            "Информационная безопасность",
            "IT-инфраструктура",
            "Сетевые технологии",
            "Облачные сервисы"
        ]
    }
]