[
    {
        "Date": "Feb-12-2023",
        "Name": "Social Discovery Group",
        "Industries": [
            "Веб-разработка",
            "Мобильные технологии",
            "Веб-сервисы"
        ],
        "Rating": "70.03",
        "Subscribers": "56",
        "Hubs": [
            "Дизайн мобильных приложений",
            "Веб-дизайн",
            "Дизайн",
            ".NET",
            "Microsoft Azure"
        ]
    }
]