[
    {
        "Date": "Feb-12-2023",
        "Name": "СВД ВС",
        "Industries": [
            "Программное обеспечение"
        ],
        "Rating": "37.67",
        "Subscribers": "17",
        "Hubs": [
            "Программирование",
            "IT-компании",
            "Управление разработкой",
            "Управление проектами",
            "Системное программирование"
        ]
    }
]