[
    {
        "Date": "Feb-12-2023",
        "Name": "Amnezia VPN",
        "Industries": [
            "Программное обеспечение",
            "Информационная безопасность"
        ],
        "Rating": "34.88",
        "Subscribers": "200",
        "Hubs": [
            "Информационная безопасность",
            "Open source",
            "Киберпанк",
            "Будущее здесь"
        ]
    }
]