[
    {
        "Date": "Feb-12-2023",
        "Name": "NAUMEN",
        "Industries": [
            "Веб-разработка",
            "Программное обеспечение",
            "Консалтинг и поддержка"
        ],
        "Rating": "84.21",
        "Subscribers": "351",
        "Hubs": [
            "Карьера в IT-индустрии",
            "Java",
            "Конференции",
            "IT-компании",
            "ERP-системы"
        ]
    }
]