[
    {
        "Date": "Feb-12-2023",
        "Name": "ЕАЕ-Консалт",
        "Industries": [
            "Программное обеспечение",
            "Консалтинг и поддержка"
        ],
        "Rating": "90.96",
        "Subscribers": "24",
        "Hubs": [
            "ERP-системы",
            "Разработка под Linux",
            "Облачные сервисы",
            "1С",
            "Промышленное программирование"
        ]
    }
]