[
    {
        "Date": "Feb-12-2023",
        "Name": "AvitoTech",
        "Industries": [
            "Веб-разработка",
            "Электронная коммерция",
            "Веб-сервисы"
        ],
        "Rating": "210.94",
        "Subscribers": "108K",
        "Hubs": [
            "Управление продуктом",
            "Микросервисы",
            "Usability",
            "Go",
            "Дизайн"
        ]
    }
]