[
    {
        "Date": "Feb-12-2023",
        "Name": "Pixonic",
        "Industries": [
            "Мобильные технологии",
            "Игры и развлечения"
        ],
        "Rating": "72.84",
        "Subscribers": "30K",
        "Hubs": [
            "Разработка игр",
            "Игры и игровые консоли",
            "Дизайн игр",
            "Управление разработкой",
            "Управление проектами"
        ]
    }
]