[
    {
        "Date": "Feb-12-2023",
        "Name": "Сервер Молл",
        "Industries": [
            "Аппаратное обеспечение",
            "Электронная коммерция",
            "Связь и телекоммуникации"
        ],
        "Rating": "54.84",
        "Subscribers": "7.6K",
        "Hubs": [
            "Компьютерное железо",
            "IT-инфраструктура",
            "Производство и разработка электроники",
            "Процессоры",
            "Серверное администрирование"
        ]
    }
]