[
    {
        "Date": "Feb-12-2023",
        "Name": "Wiren Board",
        "Industries": [
            "Программное обеспечение",
            "Аппаратное обеспечение",
            "Связь и телекоммуникации"
        ],
        "Rating": "66.82",
        "Subscribers": "302",
        "Hubs": [
            "Умный дом",
            "Интернет вещей",
            "DIY или Сделай сам",
            "Инженерные системы",
            "Компьютерное железо"
        ]
    }
]