[
    {
        "Date": "Feb-12-2023",
        "Name": "ГК ЛАНИТ",
        "Industries": [
            "Программное обеспечение",
            "Аппаратное обеспечение",
            "Консалтинг и поддержка"
        ],
        "Rating": "315.94",
        "Subscribers": "53K",
        "Hubs": [
            "Карьера в IT-индустрии",
            "Управление проектами",
            "Управление персоналом",
            "Управление разработкой",
            "Учебный процесс в IT"
        ]
    },
    {
        "Date": "Feb-12-2023",
        "Name": "ГК ЛАНИТ",
        "Industries": [
            "Программное обеспечение",
            "Аппаратное обеспечение",
            "Консалтинг и поддержка"
        ],
        "Rating": "315.94",
        "Subscribers": "53K",
        "Hubs": [
            "Карьера в IT-индустрии",
            "Управление проектами",
            "Управление персоналом",
            "Управление разработкой",
            "Учебный процесс в IT"
        ]
    }
]