[
    {
        "Date": "Feb-12-2023",
        "Name": "Garage Eight",
        "Industries": [
            "Веб-разработка",
            "Программное обеспечение",
            "Мобильные технологии"
        ],
        "Rating": "54.97",
        "Subscribers": "63",
        "Hubs": [
            "Машинное обучение",
            "Программирование",
            "Разработка мобильных приложений",
            "Разработка под Android",
            "Kotlin"
        ]
    }
]