[
    {
        "Date": "Feb-12-2023",
        "Name": "«Антиплагиат»",
        "Industries": [
            "Веб-разработка",
            "Поисковые технологии",
            "Веб-сервисы"
        ],
        "Rating": "48.78",
        "Subscribers": "187",
        "Hubs": [
            "Программирование",
            "Машинное обучение",
            "Микросервисы",
            "Natural Language Processing"
        ]
    }
]