[
    {
        "Date": "Feb-12-2023",
        "Name": "Домклик",
        "Industries": [
            "Веб-разработка",
            "Электронная коммерция",
            "Веб-сервисы"
        ],
        "Rating": "116.64",
        "Subscribers": "876",
        "Hubs": [
            "ReactJS",
            "Управление персоналом",
            "JavaScript",
            "Программирование",
            "Карьера в IT-индустрии"
        ]
    }
]