[
    {
        "Date": "Feb-12-2023",
        "Name": "Бастион",
        "Industries": [
            "Программное обеспечение",
            "Консалтинг и поддержка",
            "Информационная безопасность"
        ],
        "Rating": "160.73",
        "Subscribers": "272",
        "Hubs": [
            "Информационная безопасность",
            "Софт",
            "Open source",
            "IT-инфраструктура",
            "Облачные сервисы"
        ]
    }
]