[
    {
        "Date": "Feb-12-2023",
        "Name": "Банк «Открытие»",
        "Industries": [
            "Веб-разработка",
            "Мобильные технологии",
            "Информационная безопасность"
        ],
        "Rating": "30.23",
        "Subscribers": "165",
        "Hubs": [
            "Agile",
            "Программирование",
            "API",
            "Микросервисы",
            "Управление продуктом"
        ]
    }
]