[
    {
        "Date": "Feb-12-2023",
        "Name": "Онлайн-кинотеатр Иви",
        "Industries": [
            "Программное обеспечение",
            "Мобильные технологии",
            "Веб-сервисы"
        ],
        "Rating": "72.85",
        "Subscribers": "31K",
        "Hubs": [
            "Машинное обучение",
            "IT-компании",
            "Управление персоналом",
            "DevOps",
            "Управление продуктом"
        ]
    }
]