[
    {
        "Date": "Feb-12-2023",
        "Name": "Axenix (ex-Accenture)",
        "Industries": [
            "Программное обеспечение",
            "Консалтинг и поддержка",
            "Информационная безопасность"
        ],
        "Rating": "76.55",
        "Subscribers": "186",
        "Hubs": [
            "Администрирование баз данных",
            "Хакатоны",
            "Развитие стартапа",
            "Блог компании Цифровой прорыв. Сезон: искусственный интеллект",
            "API"
        ]
    }
]