[
    {
        "Date": "Feb-12-2023",
        "Name": "Brave",
        "Industries": [
            "Программное обеспечение",
            "Поисковые технологии",
            "Информационная безопасность"
        ],
        "Rating": "38.74",
        "Subscribers": "232",
        "Hubs": [
            "Браузеры",
            "Информационная безопасность",
            "Расширения для браузеров",
            "Поисковые технологии",
            "Криптовалюты"
        ]
    }
]