[
    {
        "Date": "Feb-12-2023",
        "Name": "«Лаборатория Касперского»",
        "Industries": [
            "Программное обеспечение"
        ],
        "Rating": "338.98",
        "Subscribers": "80K",
        "Hubs": [
            "Информационная безопасность",
            "Старое железо",
            "Программирование",
            "Ноутбуки",
            "Тестирование IT-систем"
        ]
    },
    {
        "Date": "Feb-12-2023",
        "Name": "«Лаборатория Касперского»",
        "Industries": [
            "Программное обеспечение"
        ],
        "Rating": "338.98",
        "Subscribers": "80K",
        "Hubs": [
            "Информационная безопасность",
            "Старое железо",
            "Программирование",
            "Ноутбуки",
            "Тестирование IT-систем"
        ]
    }
]