[
    {
        "Date": "Feb-12-2023",
        "Name": "LampTest",
        "Industries": [
            "Аппаратное обеспечение",
            "Веб-сервисы"
        ],
        "Rating": "281.41",
        "Subscribers": "53K",
        "Hubs": [
            "Энергия и элементы питания",
            "Гаджеты",
            "Разработка под Arduino",
            "DIY или Сделай сам",
            "Здоровье"
        ]
    },
    {
        "Date": "Feb-12-2023",
        "Name": "LampTest",
        "Industries": [
            "Аппаратное обеспечение",
            "Веб-сервисы"
        ],
        "Rating": "281.41",
        "Subscribers": "53K",
        "Hubs": [
            "Энергия и элементы питания",
            "Гаджеты",
            "Разработка под Arduino",
            "DIY или Сделай сам",
            "Здоровье"
        ]
    }
]