[
    {
        "Date": "Feb-12-2023",
        "Name": "OTUS",
        "Industries": [
            "Консалтинг и поддержка",
            "Рекрутинг и HR",
            "Производство мультимедиа-контента"
        ],
        "Rating": "907.81",
        "Subscribers": "100K",
        "Hubs": [
            "Программирование",
            "Машинное обучение",
            "Java",
            "Python",
            "Тестирование веб-сервисов"
        ]
    },
    {
        "Date": "Feb-12-2023",
        "Name": "OTUS",
        "Industries": [
            "Консалтинг и поддержка",
            "Рекрутинг и HR",
            "Производство мультимедиа-контента"
        ],
        "Rating": "907.81",
        "Subscribers": "100K",
        "Hubs": [
            "Программирование",
            "Машинное обучение",
            "Java",
            "Python",
            "Тестирование веб-сервисов"
        ]
    }
]