[
    {
        "Date": "Feb-12-2023",
        "Name": "Nebo Devices Ltd.",
        "Industries": [
            "Программное обеспечение",
            "Аппаратное обеспечение",
            "Веб-сервисы"
        ],
        "Rating": "27.98",
        "Subscribers": "27",
        "Hubs": [
            "Гаджеты",
            "Экология",
            "Развитие стартапа",
            "Веб-дизайн",
            "Дизайн мобильных приложений"
        ]
    }
]