[
    {
        "Date": "Feb-12-2023",
        "Name": "AdminVPS",
        "Industries": [
            "Домены и хостинг",
            "Веб-сервисы",
            "Информационная безопасность"
        ],
        "Rating": "73.22",
        "Subscribers": "56",
        "Hubs": [
            "DIY или Сделай сам",
            "Читальный зал",
            "Научно-популярное",
            "Информационная безопасность",
            "Open source"
        ]
    }
]