[
    {
        "Date": "Feb-12-2023",
        "Name": "Visiology",
        "Industries": [
            "Веб-разработка",
            "Программное обеспечение"
        ],
        "Rating": "126.31",
        "Subscribers": "180",
        "Hubs": [
            "Визуализация данных",
            "Big Data",
            "Хранение данных",
            "Конференции",
            "Анализ и проектирование систем"
        ]
    }
]