[
    {
        "Date": "Feb-12-2023",
        "Name": "Productivity Inside",
        "Industries": [
            "Веб-разработка",
            "Программное обеспечение",
            "Мобильные технологии"
        ],
        "Rating": "97.42",
        "Subscribers": "53K",
        "Hubs": [
            "Разработка мобильных приложений",
            "Разработка под iOS",
            "Разработка под Android",
            "Карьера в IT-индустрии",
            "Управление разработкой"
        ]
    }
]