[
    {
        "Date": "Feb-12-2023",
        "Name": "Bimeister",
        "Industries": [
            "Веб-разработка",
            "Программное обеспечение",
            "Производство мультимедиа-контента"
        ],
        "Rating": "136.28",
        "Subscribers": "93",
        "Hubs": [
            ".NET",
            "Тестирование веб-сервисов",
            "C#",
            "Разработка веб-сайтов",
            "Программирование"
        ]
    }
]