[
    {
        "Date": "Feb-12-2023",
        "Name": "РосКомСвобода",
        "Industries": [
            "Некоммерческие организации",
            "Связь и телекоммуникации",
            "Информационная безопасность"
        ],
        "Rating": "47.75",
        "Subscribers": "487",
        "Hubs": [
            "Хакатоны",
            "Расширения для браузеров"
        ]
    }
]