[
    {
        "Date": "Feb-12-2023",
        "Name": "Oxygen Cloud Platform",
        "Industries": [
            "Связь и телекоммуникации",
            "Домены и хостинг",
            "Информационная безопасность"
        ],
        "Rating": "55.42",
        "Subscribers": "38",
        "Hubs": [
            "Облачные сервисы",
            "Информационная безопасность",
            "Антивирусная защита",
            "Виртуализация",
            "Хранение данных"
        ]
    }
]