[
    {
        "Date": "Feb-12-2023",
        "Name": "ZYXEL в России",
        "Industries": [
            "Аппаратное обеспечение",
            "Связь и телекоммуникации"
        ],
        "Rating": "60.92",
        "Subscribers": "14K",
        "Hubs": [
            "Сетевое оборудование",
            "IT-инфраструктура",
            "Сетевые технологии",
            "Системное администрирование",
            "Облачные сервисы"
        ]
    }
]