[
    {
        "Date": "Feb-12-2023",
        "Name": "М.Видео-Эльдорадо",
        "Industries": [
            "Электронная коммерция"
        ],
        "Rating": "199.69",
        "Subscribers": "17K",
        "Hubs": [
            "Читальный зал",
            "Гаджеты",
            "Карьера в IT-индустрии",
            "Смартфоны",
            "Игры и игровые консоли"
        ]
    }
]