[
    {
        "Date": "Feb-12-2023",
        "Name": "Usetech",
        "Industries": [
            "Программное обеспечение",
            "Дизайн и юзабилити",
            "Мобильные технологии"
        ],
        "Rating": "79.56",
        "Subscribers": "237",
        "Hubs": [
            "Тестирование веб-сервисов",
            "Тестирование мобильных приложений",
            "Дизайн",
            "Карьера в IT-индустрии",
            "Java"
        ]
    }
]