[
    {
        "Date": "Feb-12-2023",
        "Name": "Леруа Мерлен",
        "Industries": [
            "Веб-разработка",
            "Электронная коммерция",
            "Веб-сервисы"
        ],
        "Rating": "115.01",
        "Subscribers": "11K",
        "Hubs": [
            "Data Mining",
            "Машинное обучение",
            "DevOps",
            "Data Engineering",
            "Управление продуктом"
        ]
    }
]