[
    {
        "Date": "Feb-12-2023",
        "Name": "Crystal Service Integration",
        "Industries": [
            "Программное обеспечение",
            "Аппаратное обеспечение",
            "Консалтинг и поддержка"
        ],
        "Rating": "31.64",
        "Subscribers": "194",
        "Hubs": [
            "Java",
            "Анализ и проектирование систем",
            "IT-инфраструктура",
            "Серверное администрирование",
            "Разработка под e-commerce"
        ]
    }
]