[
    {
        "Date": "Feb-12-2023",
        "Name": "IBS",
        "Industries": [
            "Программное обеспечение",
            "Консалтинг и поддержка",
            "Информационная безопасность"
        ],
        "Rating": "37.41",
        "Subscribers": "276",
        "Hubs": [
            "Учебный процесс в IT",
            "Управление персоналом",
            "Карьера в IT-индустрии",
            "IT-компании",
            "SQL"
        ]
    }
]