[
    {
        "Date": "Feb-12-2023",
        "Name": "Газпромбанк",
        "Industries": [
            "Программное обеспечение",
            "Электронная коммерция",
            "Связь и телекоммуникации"
        ],
        "Rating": "135.31",
        "Subscribers": "210",
        "Hubs": [
            "Управление проектами",
            "Управление разработкой",
            "Платежные системы",
            "Проектирование и рефакторинг",
            "Карьера в IT-индустрии"
        ]
    }
]