[
    {
        "Date": "Feb-12-2023",
        "Name": "Positive Technologies",
        "Industries": [
            "Веб-разработка",
            "Программное обеспечение",
            "Информационная безопасность"
        ],
        "Rating": "166.66",
        "Subscribers": "65K",
        "Hubs": [
            "Информационная безопасность",
            "IT-инфраструктура",
            "Тестирование IT-систем",
            "Тестирование веб-сервисов",
            "Программирование"
        ]
    }
]