[
    {
        "Date": "Feb-12-2023",
        "Name": "TINKOFF",
        "Industries": [
            "Программное обеспечение",
            "Электронная коммерция",
            "Веб-сервисы"
        ],
        "Rating": "357.75",
        "Subscribers": "40K",
        "Hubs": [
            "Разработка под Android",
            "Машинное обучение",
            "Тестирование IT-систем",
            "Разработка мобильных приложений",
            "Высокая производительность"
        ]
    },
    {
        "Date": "Feb-12-2023",
        "Name": "TINKOFF",
        "Industries": [
            "Программное обеспечение",
            "Электронная коммерция",
            "Веб-сервисы"
        ],
        "Rating": "357.75",
        "Subscribers": "40K",
        "Hubs": [
            "Разработка под Android",
            "Машинное обучение",
            "Тестирование IT-систем",
            "Разработка мобильных приложений",
            "Высокая производительность"
        ]
    }
]