[
    {
        "Date": "Feb-12-2023",
        "Name": "QIWI",
        "Industries": [
            "Электронная коммерция",
            "Мобильные технологии",
            "Веб-сервисы"
        ],
        "Rating": "115.96",
        "Subscribers": "31K",
        "Hubs": [
            "Программирование",
            "Kotlin",
            "Микросервисы",
            "Карьера в IT-индустрии",
            "Разработка мобильных приложений"
        ]
    }
]