[
    {
        "Date": "Feb-12-2023",
        "Name": "HFLabs",
        "Industries": [
            "Программное обеспечение",
            "Консалтинг и поддержка"
        ],
        "Rating": "64.79",
        "Subscribers": "14K",
        "Hubs": [
            "IT-компании",
            "Хранение данных",
            "Анализ и проектирование систем",
            "Открытые данные",
            "Управление продуктом"
        ]
    }
]