[
    {
        "Date": "Feb-12-2023",
        "Name": "Первая грузовая компания (ПГК)",
        "Industries": [
            "Веб-разработка",
            "Мобильные технологии",
            "Веб-сервисы"
        ],
        "Rating": "34.4",
        "Subscribers": "94",
        "Hubs": [
            "Читальный зал",
            "Транспорт",
            "Управление продуктом",
            "Управление проектами",
            "Карьера в IT-индустрии"
        ]
    }
]