[
    {
        "Date": "Feb-12-2023",
        "Name": "Click.ru",
        "Industries": [
            "Реклама и маркетинг",
            "Поисковые технологии",
            "Веб-сервисы"
        ],
        "Rating": "54.84",
        "Subscribers": "8.3K",
        "Hubs": [
            "Интернет-маркетинг",
            "Повышение конверсии",
            "Контекстная реклама",
            "Управление проектами",
            "GTD"
        ]
    }
]