[
    {
        "Date": "Feb-12-2023",
        "Name": "Лига Цифровой Экономики",
        "Industries": [
            "Веб-разработка",
            "Программное обеспечение",
            "Консалтинг и поддержка"
        ],
        "Rating": "51.38",
        "Subscribers": "63",
        "Hubs": [
            "IT-компании",
            "Тестирование IT-систем",
            "Системное администрирование",
            "Тестирование веб-сервисов",
            "Тестирование мобильных приложений"
        ]
    }
]