[
    {
        "Date": "Feb-12-2023",
        "Name": "Национальная Медиа Группа",
        "Industries": [
            "Веб-разработка",
            "СМИ",
            "Веб-сервисы"
        ],
        "Rating": "55.42",
        "Subscribers": "44",
        "Hubs": [
            "Медийная реклама",
            "Серверная оптимизация",
            "Поисковая оптимизация",
            "Управление персоналом",
            "Бизнес-модели"
        ]
    }
]