[
    {
        "Date": "Feb-12-2023",
        "Name": "Courson",
        "Industries": [
            "Веб-разработка",
            "Программное обеспечение",
            "Веб-сервисы"
        ],
        "Rating": "25.1",
        "Subscribers": "39",
        "Hubs": [
            "Управление персоналом",
            "Управление проектами",
            "Карьера в IT-индустрии",
            "Управление разработкой",
            "Agile"
        ]
    }
]