[
    {
        "Date": "Feb-12-2023",
        "Name": "Сбер",
        "Industries": [
            "Программное обеспечение",
            "Мобильные технологии",
            "Веб-сервисы"
        ],
        "Rating": "216.06",
        "Subscribers": "68K",
        "Hubs": [
            "Программирование",
            "Искусственный интеллект",
            "Машинное обучение",
            "Карьера в IT-индустрии",
            "Гаджеты"
        ]
    }
]