[
    {
        "Date": "Feb-12-2023",
        "Name": "Туту.ру",
        "Industries": [
            "Веб-разработка",
            "Электронная коммерция",
            "Веб-сервисы"
        ],
        "Rating": "85.73",
        "Subscribers": "98K",
        "Hubs": [
            "Транспорт",
            "Управление проектами",
            "Разработка под iOS",
            "Разработка мобильных приложений",
            "Управление разработкой"
        ]
    }
]