[
    {
        "Date": "Feb-12-2023",
        "Name": "Точка",
        "Industries": [
            "Программное обеспечение",
            "Мобильные технологии",
            "Веб-сервисы"
        ],
        "Rating": "32.03",
        "Subscribers": "119",
        "Hubs": [
            "Микросервисы",
            "Анализ и проектирование систем",
            "IT-инфраструктура",
            "DevOps",
            "Big Data"
        ]
    }
]