[
    {
        "Date": "Feb-12-2023",
        "Name": "ЕВРАЗ",
        "Industries": [
            "Веб-разработка",
            "Программное обеспечение",
            "Веб-сервисы"
        ],
        "Rating": "13.26",
        "Subscribers": "83",
        "Hubs": [
            "Промышленное программирование",
            "Машинное обучение",
            "Карьера в IT-индустрии",
            "CSS",
            "ReactJS"
        ]
    }
]