[
    {
        "Date": "Feb-12-2023",
        "Name": "Хекслет",
        "Industries": [
            "Веб-разработка",
            "Рекрутинг и HR",
            "Веб-сервисы"
        ],
        "Rating": "64.57",
        "Subscribers": "22K",
        "Hubs": [
            "Карьера в IT-индустрии",
            "Программирование",
            "Учебный процесс в IT",
            "Разработка веб-сайтов",
            "Интервью"
        ]
    }
]