[
    {
        "Date": "Feb-12-2023",
        "Name": "Zextras",
        "Industries": [
            "Программное обеспечение",
            "Связь и телекоммуникации",
            "Веб-сервисы"
        ],
        "Rating": "70.39",
        "Subscribers": "11K",
        "Hubs": [
            "Системное администрирование",
            "Информационная безопасность",
            "IT-инфраструктура",
            "Спам и антиспам",
            "Тестирование IT-систем"
        ]
    }
]