[
    {
        "Date": "Feb-12-2023",
        "Name": "Доктор Веб",
        "Industries": [
            "Программное обеспечение"
        ],
        "Rating": "55.64",
        "Subscribers": "760",
        "Hubs": [
            "Антивирусная защита",
            "Информационная безопасность",
            "Мессенджеры",
            "Service Desk",
            "Разработка систем связи"
        ]
    }
]