[
    {
        "Date": "Feb-12-2023",
        "Name": "Skyeng",
        "Industries": [
            "Веб-разработка",
            "Мобильные технологии",
            "Веб-сервисы"
        ],
        "Rating": "208.82",
        "Subscribers": "35K",
        "Hubs": [
            "Управление проектами",
            "PHP",
            "Управление персоналом",
            "Управление разработкой",
            "Управление сообществом"
        ]
    }
]