[
    {
        "Date": "Feb-12-2023",
        "Name": "LENTA:U TECH",
        "Industries": [
            "Электронная коммерция"
        ],
        "Rating": "41.62",
        "Subscribers": "91",
        "Hubs": [
            "Тестирование IT-систем",
            "Тестирование веб-сервисов",
            "Тестирование мобильных приложений",
            "Java",
            "JavaScript"
        ]
    }
]