[
    {
        "Date": "Feb-12-2023",
        "Name": "Privacy Accelerator",
        "Industries": [
            "Веб-разработка",
            "Реклама и маркетинг",
            "Информационная безопасность"
        ],
        "Rating": "17.08",
        "Subscribers": "33",
        "Hubs": [
            "Развитие стартапа",
            "Информационная безопасность",
            "Хакатоны",
            "Управление проектами",
            "Мессенджеры"
        ]
    }
]