[
    {
        "Date": "Feb-12-2023",
        "Name": "Ростелеком-Солар",
        "Industries": [
            "Программное обеспечение",
            "Информационная безопасность"
        ],
        "Rating": "156.55",
        "Subscribers": "42K",
        "Hubs": [
            "Информационная безопасность",
            "Законодательство в IT",
            "Карьера в IT-индустрии",
            "Учебный процесс в IT",
            "Криптография"
        ]
    }
]