[
    {
        "Date": "Feb-12-2023",
        "Name": "Хабр Карьера",
        "Industries": [
            "Веб-разработка",
            "Рекрутинг и HR",
            "Веб-сервисы"
        ],
        "Rating": "400.11",
        "Subscribers": "13K",
        "Hubs": [
            "Карьера в IT-индустрии",
            "Управление персоналом",
            "Исследования и прогнозы в IT",
            "Блог компании Хабр",
            "Финансы в IT"
        ]
    },
    {
        "Date": "Feb-12-2023",
        "Name": "Хабр Карьера",
        "Industries": [
            "Веб-разработка",
            "Рекрутинг и HR",
            "Веб-сервисы"
        ],
        "Rating": "400.11",
        "Subscribers": "13K",
        "Hubs": [
            "Карьера в IT-индустрии",
            "Управление персоналом",
            "Исследования и прогнозы в IT",
            "Блог компании Хабр",
            "Финансы в IT"
        ]
    }
]