[
    {
        "Date": "Feb-12-2023",
        "Name": "Юла",
        "Industries": [
            "Веб-разработка",
            "Электронная коммерция",
            "Мобильные технологии"
        ],
        "Rating": "95.1",
        "Subscribers": "237",
        "Hubs": [
            "Аналитика мобильных приложений",
            "Управление продуктом",
            "Блог компании VK",
            "Разработка под iOS",
            "Разработка мобильных приложений"
        ]
    }
]