[
    {
        "Date": "Feb-12-2023",
        "Name": "IT-бренд работодателя",
        "Industries": [
            "Консалтинг и поддержка",
            "Рекрутинг и HR"
        ],
        "Rating": "38.65",
        "Subscribers": "151",
        "Hubs": [
            "Карьера в IT-индустрии",
            "Исследования и прогнозы в IT",
            "IT-компании",
            "Блог компании Хабр",
            "Конференции"
        ]
    }
]