[
    {
        "Date": "Feb-12-2023",
        "Name": "1С",
        "Industries": [
            "Программное обеспечение",
            "Мобильные технологии",
            "Игры и развлечения"
        ],
        "Rating": "59.37",
        "Subscribers": "1.7K",
        "Hubs": [
            "Java",
            "JavaScript",
            "C++",
            "C#",
            "Карьера в IT-индустрии"
        ]
    }
]