[
    {
        "Date": "Feb-12-2023",
        "Name": "«Норникель»",
        "Industries": [
            "Программное обеспечение",
            "Связь и телекоммуникации",
            "Информационная безопасность"
        ],
        "Rating": "17.07",
        "Subscribers": "74",
        "Hubs": [
            "Машинное обучение",
            "Алгоритмы",
            "Обработка изображений",
            "Математика",
            "Data Mining"
        ]
    }
]