[
    {
        "Date": "Feb-12-2023",
        "Name": "Swordfish Security",
        "Industries": [
            "Информационная безопасность"
        ],
        "Rating": "42.14",
        "Subscribers": "138",
        "Hubs": [
            "Информационная безопасность",
            "Разработка мобильных приложений",
            "Тестирование мобильных приложений",
            "DevOps",
            "Разработка под iOS"
        ]
    }
]