[
    {
        "Date": "Feb-12-2023",
        "Name": "Северсталь",
        "Industries": [
            "Программное обеспечение",
            "Консалтинг и поддержка",
            "Производство мультимедиа-контента"
        ],
        "Rating": "61.22",
        "Subscribers": "197",
        "Hubs": [
            "Инженерные системы",
            "IT-инфраструктура",
            "Управление продуктом",
            "Big Data",
            "Анализ и проектирование систем"
        ]
    }
]