[
    {
        "Date": "Feb-12-2023",
        "Name": "ITQ Group",
        "Industries": [
            "Программное обеспечение",
            "Консалтинг и поддержка",
            "Веб-сервисы"
        ],
        "Rating": "60.73",
        "Subscribers": "28",
        "Hubs": [
            "Тестирование IT-систем",
            "Тестирование веб-сервисов",
            "Тестирование мобильных приложений",
            "Карьера в IT-индустрии",
            "Анализ и проектирование систем"
        ]
    }
]