[
    {
        "Date": "Feb-12-2023",
        "Name": "РН-БашНИПИнефть",
        "Industries": [
            "Программное обеспечение"
        ],
        "Rating": "49.77",
        "Subscribers": "149",
        "Hubs": [
            "Agile",
            "Карьера в IT-индустрии",
            "Программирование",
            "Геоинформационные сервисы",
            "Научно-популярное"
        ]
    }
]