[
    {
        "Date": "Feb-12-2023",
        "Name": "Acer",
        "Industries": [
            "Программное обеспечение",
            "Аппаратное обеспечение",
            "Связь и телекоммуникации"
        ],
        "Rating": "26.47",
        "Subscribers": "106",
        "Hubs": [
            "Компьютерное железо",
            "Серверная оптимизация",
            "Высокая производительность",
            "IT-инфраструктура",
            "Big Data"
        ]
    }
]