[
    {
        "Date": "Feb-12-2023",
        "Name": "Karuna",
        "Industries": [
            "Веб-разработка",
            "Программное обеспечение",
            "Реклама и маркетинг"
        ],
        "Rating": "45.8",
        "Subscribers": "101",
        "Hubs": [
            "Копирайт",
            "Программирование",
            "PostgreSQL",
            "Usability",
            "Визуальное программирование"
        ]
    }
]