[
    {
        "Date": "Feb-12-2023",
        "Name": "Constanta",
        "Industries": [
            "Веб-разработка",
            "Программное обеспечение",
            "Мобильные технологии"
        ],
        "Rating": "27.17",
        "Subscribers": "77",
        "Hubs": [
            "Программирование",
            "Карьера в IT-индустрии",
            "Разработка под Android",
            "Проектирование и рефакторинг",
            "Go"
        ]
    }
]