[
    {
        "Date": "Feb-12-2023",
        "Name": "getmatch",
        "Industries": [
            "Рекрутинг и HR",
            "Поисковые технологии",
            "Веб-сервисы"
        ],
        "Rating": "348.44",
        "Subscribers": "880",
        "Hubs": [
            "Карьера в IT-индустрии",
            "Читальный зал",
            "Лайфхаки для гиков",
            "IT-эмиграция",
            "Урбанизм"
        ]
    },
    {
        "Date": "Feb-12-2023",
        "Name": "getmatch",
        "Industries": [
            "Рекрутинг и HR",
            "Поисковые технологии",
            "Веб-сервисы"
        ],
        "Rating": "348.44",
        "Subscribers": "880",
        "Hubs": [
            "Карьера в IT-индустрии",
            "Читальный зал",
            "Лайфхаки для гиков",
            "IT-эмиграция",
            "Урбанизм"
        ]
    }
]