[
    {
        "Date": "Feb-12-2023",
        "Name": "Перспективный мониторинг",
        "Industries": [
            "Программное обеспечение",
            "Консалтинг и поддержка",
            "Связь и телекоммуникации"
        ],
        "Rating": "60.57",
        "Subscribers": "13K",
        "Hubs": [
            "Информационная безопасность",
            "Смартфоны"
        ]
    }
]