[
    {
        "Date": "Feb-12-2023",
        "Name": "Haulmont",
        "Industries": [
            "Веб-разработка",
            "Программное обеспечение",
            "Мобильные технологии"
        ],
        "Rating": "105.98",
        "Subscribers": "24K",
        "Hubs": [
            "Программирование",
            "Java",
            "Big Data",
            "Машинное обучение",
            "Будущее здесь"
        ]
    }
]