[
    {
        "Date": "Feb-12-2023",
        "Name": "Онлайн Патент",
        "Industries": [
            "Консалтинг и поддержка",
            "Веб-сервисы"
        ],
        "Rating": "164.02",
        "Subscribers": "51",
        "Hubs": [
            "Патентование",
            "Научно-популярное",
            "Читальный зал",
            "Дизайн",
            "Развитие стартапа"
        ]
    }
]