[
    {
        "Date": "Feb-12-2023",
        "Name": "Postgres Professional",
        "Industries": [
            "Программное обеспечение",
            "Консалтинг и поддержка",
            "Информационная безопасность"
        ],
        "Rating": "102.81",
        "Subscribers": "73K",
        "Hubs": [
            "PostgreSQL",
            "SQL",
            "Администрирование баз данных",
            "Open source",
            "Хранение данных"
        ]
    }
]