[
    {
        "Date": "Feb-12-2023",
        "Name": "ПСБ",
        "Industries": [
            "Веб-разработка",
            "Программное обеспечение",
            "Мобильные технологии"
        ],
        "Rating": "48.65",
        "Subscribers": "187",
        "Hubs": [
            "Конференции",
            "Разработка под iOS",
            "Карьера в IT-индустрии",
            "Хакатоны",
            "Java"
        ]
    }
]