[
    {
        "Date": "Feb-12-2023",
        "Name": "Eppie",
        "Industries": [
            "Программное обеспечение",
            "Дизайн и юзабилити",
            "Информационная безопасность"
        ],
        "Rating": "9.89",
        "Subscribers": "27",
        "Hubs": [
            "Децентрализованные сети",
            "Информационная безопасность",
            "Криптография",
            "Хранение данных"
        ]
    }
]