[
    {
        "Date": "Feb-12-2023",
        "Name": "BI.ZONE",
        "Industries": [
            "Программное обеспечение",
            "Веб-сервисы",
            "Информационная безопасность"
        ],
        "Rating": "74.88",
        "Subscribers": "13K",
        "Hubs": [
            "Информационная безопасность",
            "Схемотехника",
            "Карьера в IT-индустрии",
            "Реверс-инжиниринг",
            "Производство и разработка электроники"
        ]
    }
]