[
    {
        "Date": "Feb-12-2023",
        "Name": "АНО «Центр искусственного интеллекта «Горький»",
        "Industries": [
            "Программное обеспечение",
            "Консалтинг и поддержка",
            "Некоммерческие организации"
        ],
        "Rating": "25.08",
        "Subscribers": "29",
        "Hubs": [
            "Финансы в IT",
            "Развитие стартапа",
            "Управление проектами",
            "IT-компании",
            "Учебный процесс в IT"
        ]
    }
]