[
    {
        "Date": "Feb-12-2023",
        "Name": "Ak Bars Digital",
        "Industries": [
            "Веб-разработка",
            "Программное обеспечение",
            "Веб-сервисы"
        ],
        "Rating": "68.95",
        "Subscribers": "110",
        "Hubs": [
            "DevOps",
            "Конференции",
            "Информационная безопасность",
            "Управление проектами",
            "Agile"
        ]
    }
]