[
    {
        "Date": "Feb-12-2023",
        "Name": "STSS",
        "Industries": [
            "Программное обеспечение",
            "Аппаратное обеспечение",
            "Связь и телекоммуникации"
        ],
        "Rating": "41.66",
        "Subscribers": "207",
        "Hubs": [
            "Видеоконференцсвязь",
            "Видеотехника",
            "Работа с 3D-графикой",
            "Презентации",
            "Софт"
        ]
    }
]