[
    {
        "Date": "Feb-12-2023",
        "Name": "Команда Цифровой Трансформации Татарстана",
        "Industries": [
            "Программное обеспечение",
            "Некоммерческие организации",
            "Связь и телекоммуникации"
        ],
        "Rating": "72.3",
        "Subscribers": "32",
        "Hubs": [
            "Разработка мобильных приложений",
            "IT-компании",
            "Информационная безопасность",
            "Программирование",
            "Учебный процесс в IT"
        ]
    }
]