[
    {
        "Date": "Feb-12-2023",
        "Name": "IT-People",
        "Industries": [
            "Консалтинг и поддержка",
            "Рекрутинг и HR"
        ],
        "Rating": "40.4",
        "Subscribers": "326",
        "Hubs": [
            "Конференции",
            "Python",
            "Карьера в IT-индустрии",
            "Управление разработкой",
            "Фриланс"
        ]
    }
]