[
    {
        "Date": "Feb-12-2023",
        "Name": "Росатом",
        "Industries": [
            "Веб-разработка",
            "Аппаратное обеспечение",
            "Веб-сервисы"
        ],
        "Rating": "72.88",
        "Subscribers": "101",
        "Hubs": [
            "Машинное обучение",
            "Python",
            "Анализ и проектирование систем",
            "Искусственный интеллект",
            "Программирование"
        ]
    }
]