[
    {
        "Date": "Feb-12-2023",
        "Name": "Southbridge",
        "Industries": [
            "Веб-разработка",
            "Консалтинг и поддержка",
            "Связь и телекоммуникации"
        ],
        "Rating": "260.28",
        "Subscribers": "45K",
        "Hubs": [
            "IT-инфраструктура",
            "DevOps",
            "Системное администрирование",
            "Программирование",
            "Карьера в IT-индустрии"
        ]
    }
]