[
    {
        "Date": "Feb-12-2023",
        "Name": "Инфосистемы Джет",
        "Industries": [
            "Аппаратное обеспечение",
            "Консалтинг и поддержка",
            "Связь и телекоммуникации"
        ],
        "Rating": "266.09",
        "Subscribers": "63K",
        "Hubs": [
            "Информационная безопасность",
            "IT-инфраструктура",
            "Серверное администрирование",
            "Машинное обучение",
            "Карьера в IT-индустрии"
        ]
    }
]