[
    {
        "Date": "Feb-12-2023",
        "Name": "Альфа-Банк",
        "Industries": [
            "Дизайн и юзабилити",
            "Электронная коммерция",
            "Мобильные технологии"
        ],
        "Rating": "227.43",
        "Subscribers": "22K",
        "Hubs": [
            "Конференции",
            "Машинное обучение",
            "Анализ и проектирование систем",
            "Карьера в IT-индустрии",
            "JavaScript"
        ]
    }
]