[
    {
        "Date": "Feb-12-2023",
        "Name": "Lamoda",
        "Industries": [
            "Программное обеспечение",
            "Электронная коммерция",
            "Мобильные технологии"
        ],
        "Rating": "129.19",
        "Subscribers": "32K",
        "Hubs": [
            "Программирование",
            "Управление продуктом",
            "Управление персоналом",
            "Карьера в IT-индустрии",
            "IT-компании"
        ]
    }
]