[
    {
        "Date": "Feb-12-2023",
        "Name": "Angara Security",
        "Industries": [
            "Консалтинг и поддержка",
            "Веб-сервисы",
            "Информационная безопасность"
        ],
        "Rating": "29.44",
        "Subscribers": "94",
        "Hubs": [
            "Информационная безопасность",
            "Карьера в IT-индустрии",
            "API",
            "Подготовка технической документации",
            "IT-инфраструктура"
        ]
    }
]