[
    {
        "Date": "Feb-12-2023",
        "Name": "Яндекс Практикум",
        "Industries": [
            "Веб-разработка",
            "Веб-сервисы"
        ],
        "Rating": "90.18",
        "Subscribers": "33K",
        "Hubs": [
            "Учебный процесс в IT",
            "Карьера в IT-индустрии",
            "Программирование",
            "Go",
            "Алгоритмы"
        ]
    }
]