[
    {
        "Date": "Feb-12-2023",
        "Name": "Открытая мобильная платформа",
        "Industries": [
            "Программное обеспечение",
            "Мобильные технологии",
            "Информационная безопасность"
        ],
        "Rating": "39.63",
        "Subscribers": "105",
        "Hubs": [
            "Программирование",
            "Разработка мобильных приложений",
            "Qt",
            "Разработка под Linux"
        ]
    }
]