[
    {
        "Date": "Feb-12-2023",
        "Name": "CloudMTS",
        "Industries": [
            "Аппаратное обеспечение",
            "Связь и телекоммуникации",
            "Домены и хостинг"
        ],
        "Rating": "162.96",
        "Subscribers": "36K",
        "Hubs": [
            "Облачные сервисы",
            "IT-инфраструктура",
            "Информационная безопасность",
            "Облачные вычисления",
            "Системное администрирование"
        ]
    }
]