[
    {
        "Date": "Feb-12-2023",
        "Name": "Росбанк",
        "Industries": [
            "Программное обеспечение",
            "Электронная коммерция",
            "Веб-сервисы"
        ],
        "Rating": "59.9",
        "Subscribers": "207",
        "Hubs": [
            "Java",
            "IT-инфраструктура",
            "Сетевые технологии",
            "Системное администрирование",
            "Сетевое оборудование"
        ]
    }
]