[
    {
        "Date": "Feb-12-2023",
        "Name": "Cloud",
        "Industries": [
            "Программное обеспечение",
            "Веб-сервисы",
            "Информационная безопасность"
        ],
        "Rating": "46.04",
        "Subscribers": "188",
        "Hubs": [
            "Облачные сервисы",
            "IT-инфраструктура",
            "Облачные вычисления",
            "Машинное обучение",
            "IT-компании"
        ]
    }
]