[
    {
        "Date": "Feb-12-2023",
        "Name": "3CX Ltd.",
        "Industries": [
            "Программное обеспечение",
            "Связь и телекоммуникации",
            "Мобильные технологии"
        ],
        "Rating": "36.81",
        "Subscribers": "250",
        "Hubs": [
            "Системное администрирование",
            "Разработка систем связи",
            "Мессенджеры",
            "Облачные сервисы",
            "Серверное администрирование"
        ]
    }
]