[
    {
        "Date": "Feb-12-2023",
        "Name": "Центр Финансовых Технологий (ЦФТ)",
        "Industries": [
            "Программное обеспечение",
            "Мобильные технологии"
        ],
        "Rating": "51.33",
        "Subscribers": "159",
        "Hubs": [
            "Тестирование IT-систем",
            "Управление разработкой",
            "Управление проектами",
            "Agile",
            "Управление продуктом"
        ]
    }
]