[
    {
        "Date": "Feb-12-2023",
        "Name": "Контур",
        "Industries": [
            "Веб-разработка",
            "Программное обеспечение",
            "Веб-сервисы"
        ],
        "Rating": "78.53",
        "Subscribers": "26K",
        "Hubs": [
            "Программирование",
            ".NET",
            "Алгоритмы",
            "Высокая производительность",
            "Open source"
        ]
    }
]