[
    {
        "Date": "Feb-12-2023",
        "Name": "VAS Experts",
        "Industries": [
            "Программное обеспечение",
            "Аппаратное обеспечение",
            "Связь и телекоммуникации"
        ],
        "Rating": "129.75",
        "Subscribers": "24K",
        "Hubs": [
            "Разработка систем связи",
            "IT-стандарты",
            "Исследования и прогнозы в IT",
            "IT-инфраструктура",
            "Читальный зал"
        ]
    }
]