[
    {
        "Date": "Feb-12-2023",
        "Name": "MOEX",
        "Industries": [
            "Веб-разработка",
            "Электронная коммерция",
            "Веб-сервисы"
        ],
        "Rating": "50.92",
        "Subscribers": "593",
        "Hubs": [
            "Управление продуктом",
            "Управление разработкой",
            "Управление проектами",
            "Финансы в IT",
            "IT-инфраструктура"
        ]
    }
]