[
    {
        "Date": "Feb-12-2023",
        "Name": "АЭРОДИСК",
        "Industries": [
            "Программное обеспечение",
            "Аппаратное обеспечение"
        ],
        "Rating": "39.2",
        "Subscribers": "129",
        "Hubs": [
            "IT-инфраструктура",
            "Информационная безопасность",
            "Хранение данных",
            "Хранилища данных",
            "Виртуализация"
        ]
    }
]