[
    {
        "Date": "Feb-12-2023",
        "Name": "Программный Продукт",
        "Industries": [
            "Веб-разработка",
            "Программное обеспечение",
            "Оптимизация"
        ],
        "Rating": "52.04",
        "Subscribers": "47",
        "Hubs": [
            "Тестирование IT-систем",
            "Регулярные выражения",
            "Микросервисы"
        ]
    }
]