[
    {
        "Date": "Feb-12-2023",
        "Name": "RoboUniver",
        "Industries": [
            "Программное обеспечение",
            "Аппаратное обеспечение"
        ],
        "Rating": "16.85",
        "Subscribers": "26",
        "Hubs": [
            "Робототехника",
            "Программирование",
            "Научно-популярное",
            "Разработка робототехники",
            "Искусственный интеллект"
        ]
    }
]