[
    {
        "Date": "Feb-12-2023",
        "Name": "Страховой Дом ВСК",
        "Industries": [
            "Программное обеспечение",
            "Мобильные технологии",
            "Информационная безопасность"
        ],
        "Rating": "65.23",
        "Subscribers": "60",
        "Hubs": [
            "Управление разработкой",
            "Управление проектами",
            "Agile",
            "Хакатоны",
            "Конференции"
        ]
    }
]