[
    {
        "Date": "Feb-12-2023",
        "Name": "ITSumma",
        "Industries": [
            "Программное обеспечение",
            "Консалтинг и поддержка",
            "Веб-сервисы"
        ],
        "Rating": "77.54",
        "Subscribers": "57K",
        "Hubs": [
            "IT-инфраструктура",
            "Системное администрирование",
            "IT-стандарты",
            "DevOps",
            "DIY или Сделай сам"
        ]
    }
]