[
    {
        "Date": "Feb-12-2023",
        "Name": "Нанософт разработка",
        "Industries": [
            "Программное обеспечение"
        ],
        "Rating": "72.92",
        "Subscribers": "20K",
        "Hubs": [
            "CAD/CAM",
            "Инженерные системы",
            "Софт",
            "Анализ и проектирование систем",
            "Работа с 3D-графикой"
        ]
    }
]