[
    {
        "Date": "Feb-12-2023",
        "Name": "ЦИТМ Экспонента",
        "Industries": [
            "Программное обеспечение",
            "Аппаратное обеспечение",
            "Консалтинг и поддержка"
        ],
        "Rating": "108.87",
        "Subscribers": "206",
        "Hubs": [
            "Инженерные системы",
            "Matlab",
            "Машинное обучение",
            "Искусственный интеллект",
            "Разработка систем связи"
        ]
    }
]