[
    {
        "Date": "Feb-12-2023",
        "Name": "Nixys",
        "Industries": [
            "Консалтинг и поддержка",
            "Оптимизация",
            "Веб-сервисы"
        ],
        "Rating": "63.14",
        "Subscribers": "11K",
        "Hubs": [
            "DevOps",
            "Системное администрирование",
            "Kubernetes",
            "IT-инфраструктура",
            "Серверное администрирование"
        ]
    }
]