[
    {
        "Date": "Feb-12-2023",
        "Name": "Web3 Tech",
        "Industries": [
            "Программное обеспечение",
            "Оптимизация",
            "Веб-сервисы"
        ],
        "Rating": "74.61",
        "Subscribers": "73",
        "Hubs": [
            "Децентрализованные сети",
            "Анализ и проектирование систем",
            "Распределённые системы",
            "Криптовалюты",
            "Криптография"
        ]
    }
]