[
    {
        "Date": "Feb-12-2023",
        "Name": "Voximplant",
        "Industries": [
            "Связь и телекоммуникации",
            "Мобильные технологии",
            "Веб-сервисы"
        ],
        "Rating": "69.38",
        "Subscribers": "67K",
        "Hubs": [
            "Разработка систем связи",
            "Искусственный интеллект",
            "Будущее здесь",
            "Программирование",
            "Системы управления версиями"
        ]
    }
]